timeStamp,elapsed,label,threadName,success,Latency
1626337437296,10140,POST brute,Intensive tasks 1-2,true,10137
1626337436905,10905,POST brute,Intensive tasks 1-1,true,10905
1626337437790,10383,POST brute,Intensive tasks 1-3,true,10383
1626337438289,12582,POST brute,Intensive tasks 1-4,true,12582
1626337438790,18907,POST brute,Intensive tasks 1-5,true,18907
1626337444788,13810,POST brute,Intensive tasks 1-17,true,13809
1626337445303,13508,POST brute,Intensive tasks 1-18,true,13508
1626337445804,13161,POST brute,Intensive tasks 1-19,true,13161
1626337446288,16367,POST brute,Intensive tasks 1-20,true,16367
1626337439291,29104,POST brute,Intensive tasks 1-6,true,29104
1626337439805,29371,POST brute,Intensive tasks 1-7,true,29371
1626337446788,23492,POST brute,Intensive tasks 1-21,true,23492
1626337452788,18456,POST brute,Intensive tasks 1-33,true,18456
1626337453289,18147,POST brute,Intensive tasks 1-34,true,18147
1626337453788,17775,POST brute,Intensive tasks 1-35,true,17775
1626337454289,20162,POST brute,Intensive tasks 1-36,true,20162
1626337440289,34626,POST brute,Intensive tasks 1-8,true,34626
1626337447290,34970,POST brute,Intensive tasks 1-22,true,34970
1626337440789,42365,POST brute,Intensive tasks 1-9,true,42365
1626337447789,35536,POST brute,Intensive tasks 1-23,true,35536
1626337454790,30494,POST brute,Intensive tasks 1-37,true,30494
1626337461290,24461,POST brute,Intensive tasks 1-50,true,24461
1626337460788,25528,POST brute,Intensive tasks 1-49,true,25528
1626337461790,25079,POST brute,Intensive tasks 1-51,true,25079
1626337448289,41435,POST brute,Intensive tasks 1-24,true,41435
1626337441288,48670,POST brute,Intensive tasks 1-10,true,48670
1626337462290,27859,POST brute,Intensive tasks 1-52,true,27859
1626337441790,49001,POST brute,Intensive tasks 1-11,true,49001
1626337442789,51663,POST brute,Intensive tasks 1-13,true,51663
1626337442289,52261,POST brute,Intensive tasks 1-12,true,52261
1626337455289,43585,POST brute,Intensive tasks 1-38,true,43585
1626337443790,56466,POST brute,Intensive tasks 1-15,true,56465
1626337443290,57120,POST brute,Intensive tasks 1-14,true,57120
1626337444289,56890,POST brute,Intensive tasks 1-16,true,56890
1626337448789,53028,POST brute,Intensive tasks 1-25,true,53028
1626337455789,46724,POST brute,Intensive tasks 1-39,true,46724
1626337462788,41574,POST brute,Intensive tasks 1-53,true,41574
1626337469289,35073,POST brute,Intensive tasks 1-66,true,35073
1626337468788,37461,POST brute,Intensive tasks 1-65,true,37461
1626337469789,36698,POST brute,Intensive tasks 1-67,true,36698
1626337456288,54892,POST brute,Intensive tasks 1-40,true,54892
1626337470288,41284,POST brute,Intensive tasks 1-68,true,41284
1626337449289,62298,POST brute,Intensive tasks 1-26,true,62298
1626337449788,62487,POST brute,Intensive tasks 1-27,true,62487
1626337450788,65910,POST brute,Intensive tasks 1-29,true,65910
1626337450288,67574,POST brute,Intensive tasks 1-28,true,67574
1626337463289,59347,POST brute,Intensive tasks 1-54,true,59347
1626337451289,72025,POST brute,Intensive tasks 1-30,true,72025
1626337451789,72090,POST brute,Intensive tasks 1-31,true,72090
1626337452288,72203,POST brute,Intensive tasks 1-32,true,72203
1626337456790,68295,POST brute,Intensive tasks 1-41,true,68295
1626337463789,62631,POST brute,Intensive tasks 1-55,true,62631
1626337470789,56272,POST brute,Intensive tasks 1-69,true,56272
1626337477289,50481,POST brute,Intensive tasks 1-82,true,50481
1626337477788,50114,POST brute,Intensive tasks 1-83,true,50114
1626337476790,53028,POST brute,Intensive tasks 1-81,true,53028
1626337457289,77130,POST brute,Intensive tasks 1-42,true,77130
1626337478289,56496,POST brute,Intensive tasks 1-84,true,56496
1626337457789,78221,POST brute,Intensive tasks 1-43,true,78221
1626337464289,71795,POST brute,Intensive tasks 1-56,true,71795
1626337458788,80561,POST brute,Intensive tasks 1-45,true,80561
1626337458289,82802,POST brute,Intensive tasks 1-44,true,82802
1626337471288,74793,POST brute,Intensive tasks 1-70,true,74793
1626337459289,87943,POST brute,Intensive tasks 1-46,true,87943
1626337460288,87105,POST brute,Intensive tasks 1-48,true,87105
1626337464788,82711,POST brute,Intensive tasks 1-57,true,82711
1626337459789,87921,POST brute,Intensive tasks 1-47,true,87921
1626337471789,77387,POST brute,Intensive tasks 1-71,true,77387
1626337478789,71302,POST brute,Intensive tasks 1-85,true,71302
1626337485789,64702,POST brute,Intensive tasks 1-99,true,64702
1626337485289,65282,POST brute,Intensive tasks 1-98,true,65282
1626337484788,68141,POST brute,Intensive tasks 1-97,true,68141
1626337486290,71681,POST brute,Intensive tasks 1-100,true,71681
1626337465288,92770,POST brute,Intensive tasks 1-58,true,92770
1626337472289,85972,POST brute,Intensive tasks 1-72,true,85972
1626337465789,93693,POST brute,Intensive tasks 1-59,true,93693
1626337466788,95957,POST brute,Intensive tasks 1-61,true,95957
1626337466289,98597,POST brute,Intensive tasks 1-60,true,98597
1626337479289,89992,POST brute,Intensive tasks 1-86,true,89992
1626337467789,102611,POST brute,Intensive tasks 1-63,true,102611
1626337467289,103133,POST brute,Intensive tasks 1-62,true,103133
1626337468288,102290,POST brute,Intensive tasks 1-64,true,102290
1626337472788,98008,POST brute,Intensive tasks 1-73,true,98008
1626337493789,78324,POST brute,Intensive tasks 1-115,true,78324
1626337479788,92480,POST brute,Intensive tasks 1-87,true,92480
1626337486789,86060,POST brute,Intensive tasks 1-101,true,86060
1626337493288,81139,POST brute,Intensive tasks 1-114,true,81139
1626337492789,83739,POST brute,Intensive tasks 1-113,true,83739
1626337473288,107565,POST brute,Intensive tasks 1-74,true,107565
1626337480288,100700,POST brute,Intensive tasks 1-88,true,100700
1626337494288,87136,POST brute,Intensive tasks 1-116,true,87135
1626337473788,109143,POST brute,Intensive tasks 1-75,true,109143
1626337474789,112143,POST brute,Intensive tasks 1-77,true,112143
1626337474290,113380,POST brute,Intensive tasks 1-76,true,113380
1626337487289,105682,POST brute,Intensive tasks 1-102,true,105682
1626337475289,117900,POST brute,Intensive tasks 1-78,true,117900
1626337501788,91807,POST brute,Intensive tasks 1-131,true,91807
1626337475789,118010,POST brute,Intensive tasks 1-79,true,118010
1626337480789,113161,POST brute,Intensive tasks 1-89,true,113161
1626337476290,118199,POST brute,Intensive tasks 1-80,true,118199
1626337494790,100640,POST brute,Intensive tasks 1-117,true,100640
1626337487789,108733,POST brute,Intensive tasks 1-103,true,108733
1626337501289,96142,POST brute,Intensive tasks 1-130,true,96142
1626337500789,99729,POST brute,Intensive tasks 1-129,true,99729
1626337481288,122249,POST brute,Intensive tasks 1-90,true,122249
1626337502290,101624,POST brute,Intensive tasks 1-132,true,101624
1626337488289,116642,POST brute,Intensive tasks 1-104,true,116642
1626337481789,124696,POST brute,Intensive tasks 1-91,true,124696
1626337482789,126180,POST brute,Intensive tasks 1-93,true,126180
1626337482288,128282,POST brute,Intensive tasks 1-92,true,128282
1626337509790,105282,POST brute,Intensive tasks 1-147,true,105282
1626337483288,132250,POST brute,Intensive tasks 1-94,true,132250
1626337495288,121254,POST brute,Intensive tasks 1-118,true,121254
1626337488789,127935,POST brute,Intensive tasks 1-105,true,127935
1626337502790,114316,POST brute,Intensive tasks 1-133,true,114316
1626337483789,133810,POST brute,Intensive tasks 1-95,true,133810
1626337484290,133338,POST brute,Intensive tasks 1-96,true,133338
1626337495788,123421,POST brute,Intensive tasks 1-119,true,123421
1626337509289,111644,POST brute,Intensive tasks 1-146,true,111644
1626337508789,115525,POST brute,Intensive tasks 1-145,true,115525
1626337510289,115996,POST brute,Intensive tasks 1-148,true,115996
1626337489289,137195,POST brute,Intensive tasks 1-106,true,137195
1626337496289,131722,POST brute,Intensive tasks 1-120,true,131722
1626337489789,140399,POST brute,Intensive tasks 1-107,true,140399
1626337490788,141806,POST brute,Intensive tasks 1-109,true,141806
1626337490288,143249,POST brute,Intensive tasks 1-108,true,143249
1626337517788,118828,POST brute,Intensive tasks 1-163,true,118828
1626337491289,147050,POST brute,Intensive tasks 1-110,true,147050
1626337503289,136809,POST brute,Intensive tasks 1-134,true,136809
1626337510788,129387,POST brute,Intensive tasks 1-149,true,129387
1626337496788,143515,POST brute,Intensive tasks 1-121,true,143515
1626337491789,148665,POST brute,Intensive tasks 1-111,true,148665
1626337492289,148605,POST brute,Intensive tasks 1-112,true,148605
1626337503788,137454,POST brute,Intensive tasks 1-135,true,137454
1626337517289,127305,POST brute,Intensive tasks 1-162,true,127305
1626337516789,130591,POST brute,Intensive tasks 1-161,true,130591
1626337518288,130408,POST brute,Intensive tasks 1-164,true,130408
1626337497290,151831,POST brute,Intensive tasks 1-122,true,151831
1626337504288,146616,POST brute,Intensive tasks 1-136,true,146616
1626337497790,155840,POST brute,Intensive tasks 1-123,true,155840
1626337498789,157005,POST brute,Intensive tasks 1-125,true,157005
1626337498288,158449,POST brute,Intensive tasks 1-124,true,158449
1626337525789,132350,POST brute,Intensive tasks 1-179,true,132350
1626337499289,160775,POST brute,Intensive tasks 1-126,true,160775
1626337504789,157773,POST brute,Intensive tasks 1-137,true,157773
1626337518789,144131,POST brute,Intensive tasks 1-165,true,144131
1626337499789,163147,POST brute,Intensive tasks 1-127,true,163147
1626337511289,151974,POST brute,Intensive tasks 1-150,true,151974
1626337500290,163780,POST brute,Intensive tasks 1-128,true,163780
1626337511790,152386,POST brute,Intensive tasks 1-151,true,152386
1626337525289,142682,POST brute,Intensive tasks 1-178,true,142682
1626337524788,145414,POST brute,Intensive tasks 1-177,true,145414
1626337526289,145003,POST brute,Intensive tasks 1-180,true,145003
1626337505294,166626,POST brute,Intensive tasks 1-138,true,166626
1626337512299,161671,POST brute,Intensive tasks 1-152,true,161671
1626337505788,171113,POST brute,Intensive tasks 1-139,true,171113
1626337506790,172419,POST brute,Intensive tasks 1-141,true,172419
1626337533799,145960,POST brute,Intensive tasks 1-195,true,145960
1626337506290,173894,POST brute,Intensive tasks 1-140,true,173894
1626337507289,175478,POST brute,Intensive tasks 1-142,true,175478
1626337512789,171551,POST brute,Intensive tasks 1-153,true,171551
1626337526789,157562,POST brute,Intensive tasks 1-181,true,157562
1626337507789,177522,POST brute,Intensive tasks 1-143,true,177522
1626337519289,166599,POST brute,Intensive tasks 1-166,true,166599
1626337508288,178503,POST brute,Intensive tasks 1-144,true,178503
1626337519789,167506,POST brute,Intensive tasks 1-167,true,167506
1626337533288,156598,POST brute,Intensive tasks 1-194,true,156598
1626337532788,159535,POST brute,Intensive tasks 1-193,true,159535
1626337534289,158156,POST brute,Intensive tasks 1-196,true,158155
1626337513288,180438,POST brute,Intensive tasks 1-154,true,180438
1626337520288,174030,POST brute,Intensive tasks 1-168,true,174030
1626337513788,183585,POST brute,Intensive tasks 1-155,true,183585
1626337514289,184812,POST brute,Intensive tasks 1-156,true,184812
1626337514790,184761,POST brute,Intensive tasks 1-157,true,184761
1626337515289,186153,POST brute,Intensive tasks 1-158,true,186153
1626337534789,167725,POST brute,Intensive tasks 1-197,true,167725
1626337520788,181837,POST brute,Intensive tasks 1-169,true,181837
1626337515789,188224,POST brute,Intensive tasks 1-159,true,188224
1626337527289,177443,POST brute,Intensive tasks 1-182,true,177443
1626337516301,188482,POST brute,Intensive tasks 1-160,true,188482
1626337527789,177022,POST brute,Intensive tasks 1-183,true,177022
1626337528289,182014,POST brute,Intensive tasks 1-184,true,182014
1626337521290,189088,POST brute,Intensive tasks 1-170,true,189088
1626337521790,192064,POST brute,Intensive tasks 1-171,true,192064
1626337522289,192062,POST brute,Intensive tasks 1-172,true,192062
1626337522789,193143,POST brute,Intensive tasks 1-173,true,193143
1626337523288,193462,POST brute,Intensive tasks 1-174,true,193462
1626337528789,189031,POST brute,Intensive tasks 1-185,true,189031
1626337523789,195363,POST brute,Intensive tasks 1-175,true,195363
1626337535288,184418,POST brute,Intensive tasks 1-198,true,184417
1626337524289,195476,POST brute,Intensive tasks 1-176,true,195476
1626337535790,184839,POST brute,Intensive tasks 1-199,true,184839
1626337529290,194805,POST brute,Intensive tasks 1-186,true,194805
1626337536289,187819,POST brute,Intensive tasks 1-200,true,187819
1626337530288,196054,POST brute,Intensive tasks 1-188,true,196054
1626337529789,196554,POST brute,Intensive tasks 1-187,true,196554
1626337530788,196143,POST brute,Intensive tasks 1-189,true,196143
1626337531289,195951,POST brute,Intensive tasks 1-190,true,195951
1626337531788,196189,POST brute,Intensive tasks 1-191,true,196189
1626337532289,195924,POST brute,Intensive tasks 1-192,true,195924
