timeStamp,elapsed,label,threadName,success,Latency
1626342096889,9957,POST brute,Intensive tasks 1-2,true,9955
1626342096510,11455,POST brute,Intensive tasks 1-1,true,11455
1626342097388,11279,POST brute,Intensive tasks 1-3,true,11279
1626342097884,11675,POST brute,Intensive tasks 1-4,true,11675
1626342098384,12093,POST brute,Intensive tasks 1-5,true,12093
1626342098886,12771,POST brute,Intensive tasks 1-6,true,12771
1626342099386,12869,POST brute,Intensive tasks 1-7,true,12869
1626342099885,14271,POST brute,Intensive tasks 1-8,true,14270
1626342100384,14783,POST brute,Intensive tasks 1-9,true,14783
1626342100884,15030,POST brute,Intensive tasks 1-10,true,15030
1626342101383,15080,POST brute,Intensive tasks 1-11,true,15080
1626342101884,15993,POST brute,Intensive tasks 1-12,true,15993
1626342102385,15817,POST brute,Intensive tasks 1-13,true,15817
1626342102886,16025,POST brute,Intensive tasks 1-14,true,16025
1626342103385,16246,POST brute,Intensive tasks 1-15,true,16246
1626342103885,16038,POST brute,Intensive tasks 1-16,true,16038
1626342104884,18093,POST brute,Intensive tasks 1-18,true,18093
1626342104385,24600,POST brute,Intensive tasks 1-17,true,24600
1626342105385,25181,POST brute,Intensive tasks 1-19,true,25181
1626342105885,26398,POST brute,Intensive tasks 1-20,true,26398
1626342106384,27860,POST brute,Intensive tasks 1-21,true,27860
1626342107384,27462,POST brute,Intensive tasks 1-23,true,27462
1626342106885,28829,POST brute,Intensive tasks 1-22,true,28829
1626342107885,29576,POST brute,Intensive tasks 1-24,true,29576
1626342108384,29476,POST brute,Intensive tasks 1-25,true,29476
1626342108883,29862,POST brute,Intensive tasks 1-26,true,29862
1626342109384,30451,POST brute,Intensive tasks 1-27,true,30451
1626342110883,30405,POST brute,Intensive tasks 1-30,true,30405
1626342109885,31991,POST brute,Intensive tasks 1-28,true,31991
1626342110384,32044,POST brute,Intensive tasks 1-29,true,32044
1626342111886,31600,POST brute,Intensive tasks 1-32,true,31600
1626342111385,32177,POST brute,Intensive tasks 1-31,true,32177
1626342112885,33092,POST brute,Intensive tasks 1-34,true,33092
1626342112383,38503,POST brute,Intensive tasks 1-33,true,38503
1626342113385,40153,POST brute,Intensive tasks 1-35,true,40153
1626342113897,41059,POST brute,Intensive tasks 1-36,true,41059
1626342115384,42493,POST brute,Intensive tasks 1-39,true,42493
1626342114384,43736,POST brute,Intensive tasks 1-37,true,43736
1626342114884,44112,POST brute,Intensive tasks 1-38,true,44112
1626342115884,44489,POST brute,Intensive tasks 1-40,true,44489
1626342116383,44002,POST brute,Intensive tasks 1-41,true,44002
1626342117384,44528,POST brute,Intensive tasks 1-43,true,44528
1626342116883,45233,POST brute,Intensive tasks 1-42,true,45233
1626342118886,45219,POST brute,Intensive tasks 1-46,true,45219
1626342117884,47528,POST brute,Intensive tasks 1-44,true,47528
1626342118385,47167,POST brute,Intensive tasks 1-45,true,47167
1626342119394,46786,POST brute,Intensive tasks 1-47,true,46786
1626342119883,47461,POST brute,Intensive tasks 1-48,true,47461
1626342120884,47599,POST brute,Intensive tasks 1-50,true,47599
1626342120384,52679,POST brute,Intensive tasks 1-49,true,52679
1626342121383,55136,POST brute,Intensive tasks 1-51,true,55136
1626342121883,56565,POST brute,Intensive tasks 1-52,true,56565
1626342123387,56908,POST brute,Intensive tasks 1-55,true,56908
1626342122385,59572,POST brute,Intensive tasks 1-53,true,59572
1626342122884,59378,POST brute,Intensive tasks 1-54,true,59378
1626342124383,59100,POST brute,Intensive tasks 1-57,true,59100
1626342123884,60590,POST brute,Intensive tasks 1-56,true,60590
1626342125384,59312,POST brute,Intensive tasks 1-59,true,59311
1626342124883,60281,POST brute,Intensive tasks 1-58,true,60281
1626342126884,59293,POST brute,Intensive tasks 1-62,true,59293
1626342126383,61881,POST brute,Intensive tasks 1-61,true,61881
1626342125885,63198,POST brute,Intensive tasks 1-60,true,63198
1626342127384,62058,POST brute,Intensive tasks 1-63,true,62058
1626342127884,62649,POST brute,Intensive tasks 1-64,true,62649
1626342128884,63206,POST brute,Intensive tasks 1-66,true,63206
1626342128383,67460,POST brute,Intensive tasks 1-65,true,67460
1626342129384,69207,POST brute,Intensive tasks 1-67,true,69207
1626342129884,70970,POST brute,Intensive tasks 1-68,true,70970
1626342131383,72560,POST brute,Intensive tasks 1-71,true,72559
1626342130883,74648,POST brute,Intensive tasks 1-70,true,74648
1626342130384,75547,POST brute,Intensive tasks 1-69,true,75547
1626342132384,74255,POST brute,Intensive tasks 1-73,true,74255
1626342132884,74237,POST brute,Intensive tasks 1-74,true,74237
1626342131883,75646,POST brute,Intensive tasks 1-72,true,75646
1626342133383,74958,POST brute,Intensive tasks 1-75,true,74958
1626342134888,74337,POST brute,Intensive tasks 1-78,true,74337
1626342133883,77979,POST brute,Intensive tasks 1-76,true,77979
1626342134383,77816,POST brute,Intensive tasks 1-77,true,77816
1626342135384,77238,POST brute,Intensive tasks 1-79,true,77238
1626342135883,77599,POST brute,Intensive tasks 1-80,true,77599
1626342136883,78894,POST brute,Intensive tasks 1-82,true,78894
1626342136383,83219,POST brute,Intensive tasks 1-81,true,83219
1626342137383,83626,POST brute,Intensive tasks 1-83,true,83626
1626342137884,85913,POST brute,Intensive tasks 1-84,true,85913
1626342139384,87268,POST brute,Intensive tasks 1-87,true,87268
1626342138883,90126,POST brute,Intensive tasks 1-86,true,90126
1626342138383,91065,POST brute,Intensive tasks 1-85,true,91065
1626342140384,89334,POST brute,Intensive tasks 1-89,true,89334
1626342140883,88895,POST brute,Intensive tasks 1-90,true,88895
1626342139883,90670,POST brute,Intensive tasks 1-88,true,90670
1626342141383,89343,POST brute,Intensive tasks 1-91,true,89343
1626342142884,88849,POST brute,Intensive tasks 1-94,true,88849
1626342141884,92877,POST brute,Intensive tasks 1-92,true,92877
1626342143384,92452,POST brute,Intensive tasks 1-95,true,92452
1626342143883,92577,POST brute,Intensive tasks 1-96,true,92577
1626342142384,94172,POST brute,Intensive tasks 1-93,true,94172
1626342144885,93983,POST brute,Intensive tasks 1-98,true,93983
1626342144384,98558,POST brute,Intensive tasks 1-97,true,98558
1626342145394,97815,POST brute,Intensive tasks 1-99,true,97815
1626342145884,101852,POST brute,Intensive tasks 1-100,true,101852
1626342147384,102718,POST brute,Intensive tasks 1-103,true,102718
1626342148383,102976,POST brute,Intensive tasks 1-105,true,102976
1626342146899,104766,POST brute,Intensive tasks 1-102,true,104766
1626342148885,103543,POST brute,Intensive tasks 1-106,true,103543
1626342146384,106411,POST brute,Intensive tasks 1-101,true,106411
1626342147884,105248,POST brute,Intensive tasks 1-104,true,105248
1626342149384,104143,POST brute,Intensive tasks 1-107,true,104143
1626342150882,104406,POST brute,Intensive tasks 1-110,true,104406
1626342149883,107551,POST brute,Intensive tasks 1-108,true,107551
1626342151383,108293,POST brute,Intensive tasks 1-111,true,108293
1626342151884,108063,POST brute,Intensive tasks 1-112,true,108063
1626342150383,110340,POST brute,Intensive tasks 1-109,true,110340
1626342152883,108996,POST brute,Intensive tasks 1-114,true,108996
1626342152384,112817,POST brute,Intensive tasks 1-113,true,112817
1626342153383,112715,POST brute,Intensive tasks 1-115,true,112715
1626342153883,117169,POST brute,Intensive tasks 1-116,true,117169
1626342155383,118376,POST brute,Intensive tasks 1-119,true,118376
1626342156383,117977,POST brute,Intensive tasks 1-121,true,117977
1626342156883,118338,POST brute,Intensive tasks 1-122,true,118338
1626342155883,119476,POST brute,Intensive tasks 1-120,true,119476
1626342154884,120536,POST brute,Intensive tasks 1-118,true,120536
1626342154383,121249,POST brute,Intensive tasks 1-117,true,121249
1626342157384,119072,POST brute,Intensive tasks 1-123,true,119072
1626342158883,119397,POST brute,Intensive tasks 1-126,true,119397
1626342157884,122847,POST brute,Intensive tasks 1-124,true,122847
1626342159884,122730,POST brute,Intensive tasks 1-128,true,122730
1626342159384,123440,POST brute,Intensive tasks 1-127,true,123440
1626342158396,125598,POST brute,Intensive tasks 1-125,true,125598
1626342160883,124496,POST brute,Intensive tasks 1-130,true,124496
1626342160383,127341,POST brute,Intensive tasks 1-129,true,127341
1626342161385,128508,POST brute,Intensive tasks 1-131,true,128508
1626342161884,132358,POST brute,Intensive tasks 1-132,true,132358
1626342163383,132964,POST brute,Intensive tasks 1-135,true,132964
1626342164385,133635,POST brute,Intensive tasks 1-137,true,133635
1626342163884,134439,POST brute,Intensive tasks 1-136,true,134439
1626342162383,136366,POST brute,Intensive tasks 1-133,true,136366
1626342162883,135870,POST brute,Intensive tasks 1-134,true,135870
1626342165383,133383,POST brute,Intensive tasks 1-139,true,133383
1626342164884,134042,POST brute,Intensive tasks 1-138,true,134042
1626342166883,134892,POST brute,Intensive tasks 1-142,true,134892
1626342165883,137673,POST brute,Intensive tasks 1-140,true,137673
1626342167883,137428,POST brute,Intensive tasks 1-144,true,137428
1626342167382,138062,POST brute,Intensive tasks 1-143,true,138062
1626342166384,141551,POST brute,Intensive tasks 1-141,true,141551
1626342168884,141019,POST brute,Intensive tasks 1-146,true,141019
1626342168382,142794,POST brute,Intensive tasks 1-145,true,142794
1626342169383,143005,POST brute,Intensive tasks 1-147,true,143005
1626342169883,148045,POST brute,Intensive tasks 1-148,true,148045
1626342171384,147575,POST brute,Intensive tasks 1-151,true,147575
1626342173382,147340,POST brute,Intensive tasks 1-155,true,147340
1626342171884,149334,POST brute,Intensive tasks 1-152,true,149334
1626342172383,149013,POST brute,Intensive tasks 1-153,true,149013
1626342172883,148709,POST brute,Intensive tasks 1-154,true,148709
1626342170884,150919,POST brute,Intensive tasks 1-150,true,150919
1626342170383,151907,POST brute,Intensive tasks 1-149,true,151907
1626342174883,149991,POST brute,Intensive tasks 1-158,true,149991
1626342173884,152040,POST brute,Intensive tasks 1-156,true,152040
1626342175383,152406,POST brute,Intensive tasks 1-159,true,152406
1626342175884,153088,POST brute,Intensive tasks 1-160,true,153088
1626342174385,157124,POST brute,Intensive tasks 1-157,true,157123
1626342176883,157181,POST brute,Intensive tasks 1-162,true,157181
1626342176385,158485,POST brute,Intensive tasks 1-161,true,158485
1626342177383,158066,POST brute,Intensive tasks 1-163,true,158066
1626342177883,163264,POST brute,Intensive tasks 1-164,true,163264
1626342179384,162665,POST brute,Intensive tasks 1-167,true,162665
1626342179883,163525,POST brute,Intensive tasks 1-168,true,163525
1626342181384,162577,POST brute,Intensive tasks 1-171,true,162577
1626342178897,165205,POST brute,Intensive tasks 1-166,true,165205
1626342180884,163717,POST brute,Intensive tasks 1-170,true,163717
1626342180383,164259,POST brute,Intensive tasks 1-169,true,164259
1626342178383,167937,POST brute,Intensive tasks 1-165,true,167937
1626342182884,165265,POST brute,Intensive tasks 1-174,true,165265
1626342181884,167518,POST brute,Intensive tasks 1-172,true,167518
1626342183383,167660,POST brute,Intensive tasks 1-175,true,167660
1626342183883,168983,POST brute,Intensive tasks 1-176,true,168983
1626342182384,172883,POST brute,Intensive tasks 1-173,true,172883
1626342184384,172755,POST brute,Intensive tasks 1-177,true,172755
1626342184885,172321,POST brute,Intensive tasks 1-178,true,172321
1626342185383,173601,POST brute,Intensive tasks 1-179,true,173601
1626342187385,177398,POST brute,Intensive tasks 1-183,true,177398
1626342185894,179282,POST brute,Intensive tasks 1-180,true,179282
1626342187884,178696,POST brute,Intensive tasks 1-184,true,178696
1626342189384,177483,POST brute,Intensive tasks 1-187,true,177483
1626342188383,178563,POST brute,Intensive tasks 1-185,true,178563
1626342186884,180198,POST brute,Intensive tasks 1-182,true,180198
1626342188883,178567,POST brute,Intensive tasks 1-186,true,178567
1626342186393,181808,POST brute,Intensive tasks 1-181,true,181808
1626342190883,179364,POST brute,Intensive tasks 1-190,true,179364
1626342189889,181332,POST brute,Intensive tasks 1-188,true,181332
1626342191384,181514,POST brute,Intensive tasks 1-191,true,181514
1626342191884,181659,POST brute,Intensive tasks 1-192,true,181659
1626342190384,184963,POST brute,Intensive tasks 1-189,true,184963
1626342192384,183467,POST brute,Intensive tasks 1-193,true,183467
1626342192884,183598,POST brute,Intensive tasks 1-194,true,183598
1626342193383,183367,POST brute,Intensive tasks 1-195,true,183367
1626342195383,183045,POST brute,Intensive tasks 1-199,true,183045
1626342193884,184744,POST brute,Intensive tasks 1-196,true,184744
1626342195883,182941,POST brute,Intensive tasks 1-200,true,182941
1626342194884,184193,POST brute,Intensive tasks 1-198,true,184193
1626342194384,184907,POST brute,Intensive tasks 1-197,true,184907
