timeStamp,elapsed,label,threadName,success,Latency
1626351003657,9280,POST brute,Intensive tasks 1-2,true,9253
1626351003284,10066,POST brute,Intensive tasks 1-1,true,10064
1626351004155,9887,POST brute,Intensive tasks 1-3,true,9887
1626351004654,11483,POST brute,Intensive tasks 1-4,true,11481
1626351005153,12387,POST brute,Intensive tasks 1-5,true,12383
1626351005654,15304,POST brute,Intensive tasks 1-6,true,15300
1626351006165,16985,POST brute,Intensive tasks 1-7,true,16983
1626351007652,19877,POST brute,Intensive tasks 1-10,true,19873
1626351007152,22092,POST brute,Intensive tasks 1-9,true,22091
1626351009653,21877,POST brute,Intensive tasks 1-14,true,21873
1626351006652,25071,POST brute,Intensive tasks 1-8,true,25070
1626351008153,27710,POST brute,Intensive tasks 1-11,true,27708
1626351010151,28211,POST brute,Intensive tasks 1-15,true,28209
1626351009153,29399,POST brute,Intensive tasks 1-13,true,29399
1626351008653,35601,POST brute,Intensive tasks 1-12,true,35599
1626351011653,34106,POST brute,Intensive tasks 1-18,true,34103
1626351011152,40601,POST brute,Intensive tasks 1-17,true,40600
1626351010652,41482,POST brute,Intensive tasks 1-16,true,41480
1626351012152,45661,POST brute,Intensive tasks 1-19,true,45659
1626351015151,57208,POST brute,Intensive tasks 1-25,true,57207
1626351012651,77678,POST brute,Intensive tasks 1-20,true,77678
1626351019652,71850,POST brute,Intensive tasks 1-34,true,71849
1626351020651,71382,POST brute,Intensive tasks 1-36,true,71380
1626351014651,89736,POST brute,Intensive tasks 1-24,true,89735
1626351017151,91925,POST brute,Intensive tasks 1-29,true,91923
1626351029652,80937,POST brute,Intensive tasks 1-54,true,80933
1626351037152,81111,POST brute,Intensive tasks 1-69,true,81110
1626351036652,85018,POST brute,Intensive tasks 1-68,true,85016
1626351014151,115204,POST brute,Intensive tasks 1-23,true,115203
1626351022151,108738,POST brute,Intensive tasks 1-39,true,108737
1626351013664,122814,POST brute,Intensive tasks 1-22,true,122813
1626351024152,113301,POST brute,Intensive tasks 1-43,true,113300
1626351018651,119960,POST brute,Intensive tasks 1-32,true,119959
1626351017653,121475,POST brute,Intensive tasks 1-30,true,121473
1626351013167,130516,POST brute,Intensive tasks 1-21,true,130515
1626351015653,135266,POST brute,Intensive tasks 1-26,true,135263
1626351019151,132142,POST brute,Intensive tasks 1-33,true,132141
1626351028152,134564,POST brute,Intensive tasks 1-51,true,134562
1626351052151,111381,POST brute,Intensive tasks 1-99,true,111370
1626351031651,141329,POST brute,Intensive tasks 1-58,true,141329
1626351030151,143483,POST brute,Intensive tasks 1-55,true,143483
1626351023153,158229,POST brute,Intensive tasks 1-41,true,158229
1626351036152,150681,POST brute,Intensive tasks 1-67,true,150676
1626351020158,167929,POST brute,Intensive tasks 1-35,true,167928
1626351016651,173304,POST brute,Intensive tasks 1-28,true,173289
1626351045661,147787,POST brute,Intensive tasks 1-86,true,147786
1626351032651,161227,POST brute,Intensive tasks 1-60,true,161226
1626351035653,160173,POST brute,Intensive tasks 1-66,true,160159
1626351016151,180866,POST brute,Intensive tasks 1-27,true,180865
1626351029151,168665,POST brute,Intensive tasks 1-53,true,168663
1626351091661,111552,POST brute,Intensive tasks 1-178,true,111551
1626351027151,178006,POST brute,Intensive tasks 1-49,true,177988
1626351026651,178905,POST brute,Intensive tasks 1-48,true,178903
1626351018152,188696,POST brute,Intensive tasks 1-31,true,188695
1626351046150,161580,POST brute,Intensive tasks 1-87,true,161579
1626351059653,148082,POST brute,Intensive tasks 1-114,true,148081
1626351021153,186845,POST brute,Intensive tasks 1-37,true,186843
1626351025653,183482,POST brute,Intensive tasks 1-46,true,183480
1626351053651,156135,POST brute,Intensive tasks 1-102,true,156133
1626351033152,177993,POST brute,Intensive tasks 1-61,true,177991
1626351073153,138475,POST brute,Intensive tasks 1-141,true,138473
1626351026152,187995,POST brute,Intensive tasks 1-47,true,187993
1626351057652,157621,POST brute,Intensive tasks 1-110,true,157620
1626351034651,181307,POST brute,Intensive tasks 1-64,true,181306
1626351095650,120371,POST brute,Intensive tasks 1-186,true,120369
1626351050151,167094,POST brute,Intensive tasks 1-95,true,167094
1626351022652,195848,POST brute,Intensive tasks 1-40,true,195847
1626351045153,173395,POST brute,Intensive tasks 1-85,true,173395
1626351092653,126175,POST brute,Intensive tasks 1-180,true,126174
1626351025152,193970,POST brute,Intensive tasks 1-45,true,193965
1626351030652,191072,POST brute,Intensive tasks 1-56,true,191071
1626351039151,185091,POST brute,Intensive tasks 1-73,true,185089
1626351024652,199626,POST brute,Intensive tasks 1-44,true,199624
1626351047152,177688,POST brute,Intensive tasks 1-89,true,177688
1626351023653,202089,POST brute,Intensive tasks 1-42,true,202087
1626351028654,197783,POST brute,Intensive tasks 1-52,true,197782
1626351031152,196150,POST brute,Intensive tasks 1-57,true,196141
1626351021652,205761,POST brute,Intensive tasks 1-38,true,205760
1626351041651,186485,POST brute,Intensive tasks 1-78,true,186483
1626351043153,184986,POST brute,Intensive tasks 1-81,true,184985
1626351041152,188843,POST brute,Intensive tasks 1-77,true,188841
1626351034151,197544,POST brute,Intensive tasks 1-63,true,197543
1626351086151,147125,POST brute,Intensive tasks 1-167,true,147123
1626351040651,193433,POST brute,Intensive tasks 1-76,true,193432
1626351049151,184984,POST brute,Intensive tasks 1-93,true,184982
1626351038651,196791,POST brute,Intensive tasks 1-72,true,196791
1626351032151,203468,POST brute,Intensive tasks 1-59,true,203468
1626351027652,209584,POST brute,Intensive tasks 1-50,true,209582
1626351040152,197401,POST brute,Intensive tasks 1-75,true,197401
1626351073652,166609,POST brute,Intensive tasks 1-142,true,166601
1626351046651,194417,POST brute,Intensive tasks 1-88,true,194416
1626351044151,197491,POST brute,Intensive tasks 1-83,true,197490
1626351067152,175089,POST brute,Intensive tasks 1-129,true,175087
1626351059151,183822,POST brute,Intensive tasks 1-113,true,183821
1626351068661,174452,POST brute,Intensive tasks 1-132,true,174450
1626351098651,146125,POST brute,Intensive tasks 1-192,true,146111
1626351070653,174376,POST brute,Intensive tasks 1-136,true,174374
1626351039653,205406,POST brute,Intensive tasks 1-74,true,205405
1626351048651,197548,POST brute,Intensive tasks 1-92,true,197546
1626351054652,193103,POST brute,Intensive tasks 1-104,true,193095
1626351037653,210619,POST brute,Intensive tasks 1-70,true,210613
1626351091151,159596,POST brute,Intensive tasks 1-177,true,159594
1626351064152,186824,POST brute,Intensive tasks 1-123,true,186819
1626351042152,210257,POST brute,Intensive tasks 1-79,true,210257
1626351049652,202775,POST brute,Intensive tasks 1-94,true,202774
1626351071152,186935,POST brute,Intensive tasks 1-137,true,186934
1626351054152,204457,POST brute,Intensive tasks 1-103,true,204455
1626351053151,205967,POST brute,Intensive tasks 1-101,true,205965
1626351038152,221935,POST brute,Intensive tasks 1-71,true,221931
1626351090651,170336,POST brute,Intensive tasks 1-176,true,170335
1626351076152,185092,POST brute,Intensive tasks 1-147,true,185091
1626351047652,213634,POST brute,Intensive tasks 1-90,true,213625
1626351060651,200974,POST brute,Intensive tasks 1-116,true,200973
1626351069652,192484,POST brute,Intensive tasks 1-134,true,192482
1626351069155,193370,POST brute,Intensive tasks 1-133,true,193369
1626351048151,214611,POST brute,Intensive tasks 1-91,true,214603
1626351089153,174200,POST brute,Intensive tasks 1-173,true,174199
1626351042653,221405,POST brute,Intensive tasks 1-80,true,221402
1626351033652,232715,POST brute,Intensive tasks 1-62,true,232714
1626351044652,222023,POST brute,Intensive tasks 1-84,true,222022
1626351066652,201919,POST brute,Intensive tasks 1-128,true,201917
1626351050651,218103,POST brute,Intensive tasks 1-96,true,218102
1626351071652,197165,POST brute,Intensive tasks 1-138,true,197164
1626351056151,213072,POST brute,Intensive tasks 1-107,true,213065
1626351097152,172624,POST brute,Intensive tasks 1-189,true,172622
1626351081151,190254,POST brute,Intensive tasks 1-157,true,190253
1626351088651,182861,POST brute,Intensive tasks 1-172,true,182860
1626351051652,220083,POST brute,Intensive tasks 1-98,true,220075
1626351055651,216180,POST brute,Intensive tasks 1-106,true,216179
1626351035152,237070,POST brute,Intensive tasks 1-65,true,237068
1626351095152,177317,POST brute,Intensive tasks 1-185,true,177315
1626351079152,193439,POST brute,Intensive tasks 1-153,true,193437
1626351066152,206657,POST brute,Intensive tasks 1-127,true,206638
1626351085651,187690,POST brute,Intensive tasks 1-166,true,187671
1626351083651,189945,POST brute,Intensive tasks 1-162,true,189943
1626351100151,174323,POST brute,Intensive tasks 1-195,true,174322
1626351067651,207234,POST brute,Intensive tasks 1-130,true,207233
1626351077152,198015,POST brute,Intensive tasks 1-149,true,198013
1626351093151,182427,POST brute,Intensive tasks 1-181,true,182424
1626351078150,198056,POST brute,Intensive tasks 1-151,true,198055
1626351074652,201769,POST brute,Intensive tasks 1-144,true,201768
1626351061651,215011,POST brute,Intensive tasks 1-118,true,215010
1626351072652,204260,POST brute,Intensive tasks 1-140,true,204258
1626351068165,209245,POST brute,Intensive tasks 1-131,true,209233
1626351043651,233763,POST brute,Intensive tasks 1-82,true,233761
1626351055153,222385,POST brute,Intensive tasks 1-105,true,222384
1626351096652,181437,POST brute,Intensive tasks 1-188,true,181436
1626351058652,219623,POST brute,Intensive tasks 1-112,true,219622
1626351064651,213624,POST brute,Intensive tasks 1-124,true,213623
1626351056651,221725,POST brute,Intensive tasks 1-108,true,221724
1626351080651,197820,POST brute,Intensive tasks 1-156,true,197818
1626351099652,179081,POST brute,Intensive tasks 1-194,true,179079
1626351074152,204690,POST brute,Intensive tasks 1-143,true,204689
1626351060152,218968,POST brute,Intensive tasks 1-115,true,218967
1626351063151,216075,POST brute,Intensive tasks 1-121,true,216075
1626351081651,197955,POST brute,Intensive tasks 1-158,true,197951
1626351094152,185582,POST brute,Intensive tasks 1-183,true,185581
1626351062152,217934,POST brute,Intensive tasks 1-119,true,217933
1626351061151,218966,POST brute,Intensive tasks 1-117,true,218965
1626351078651,201786,POST brute,Intensive tasks 1-152,true,201785
1626351057152,223453,POST brute,Intensive tasks 1-109,true,223451
1626351079652,201303,POST brute,Intensive tasks 1-154,true,201301
1626351058152,223035,POST brute,Intensive tasks 1-111,true,223033
1626351084151,197101,POST brute,Intensive tasks 1-163,true,197081
1626351082652,198715,POST brute,Intensive tasks 1-160,true,198714
1626351065150,216218,POST brute,Intensive tasks 1-125,true,216217
1626351075652,206121,POST brute,Intensive tasks 1-146,true,206119
1626351083151,198760,POST brute,Intensive tasks 1-161,true,198758
1626351062652,219321,POST brute,Intensive tasks 1-120,true,219319
1626351052652,229356,POST brute,Intensive tasks 1-100,true,229354
1626351089652,192765,POST brute,Intensive tasks 1-174,true,192763
1626351076653,205768,POST brute,Intensive tasks 1-148,true,205767
1626351063651,218807,POST brute,Intensive tasks 1-122,true,218805
1626351102650,180235,POST brute,Intensive tasks 1-200,true,180234
1626351065650,217297,POST brute,Intensive tasks 1-126,true,217295
1626351086652,196439,POST brute,Intensive tasks 1-168,true,196437
1626351088152,195213,POST brute,Intensive tasks 1-171,true,195210
1626351096150,187592,POST brute,Intensive tasks 1-187,true,187591
1626351070151,213591,POST brute,Intensive tasks 1-135,true,213590
1626351097652,186138,POST brute,Intensive tasks 1-190,true,186137
1626351080152,203748,POST brute,Intensive tasks 1-155,true,203746
1626351085151,198889,POST brute,Intensive tasks 1-165,true,198863
1626351093660,190542,POST brute,Intensive tasks 1-182,true,190541
1626351051151,233178,POST brute,Intensive tasks 1-97,true,233176
1626351082152,202322,POST brute,Intensive tasks 1-159,true,202321
1626351072152,212459,POST brute,Intensive tasks 1-139,true,212457
1626351094654,190126,POST brute,Intensive tasks 1-184,true,190125
1626351090151,194838,POST brute,Intensive tasks 1-175,true,194837
1626351075151,209853,POST brute,Intensive tasks 1-145,true,209851
1626351099152,186232,POST brute,Intensive tasks 1-193,true,186230
1626351077651,207753,POST brute,Intensive tasks 1-150,true,207749
1626351087652,198026,POST brute,Intensive tasks 1-170,true,198025
1626351101152,184555,POST brute,Intensive tasks 1-197,true,184553
1626351084652,201258,POST brute,Intensive tasks 1-164,true,201256
1626351100651,185403,POST brute,Intensive tasks 1-196,true,185402
1626351087152,199081,POST brute,Intensive tasks 1-169,true,199081
1626351092153,194211,POST brute,Intensive tasks 1-179,true,194210
1626351101652,184771,POST brute,Intensive tasks 1-198,true,184771
1626351098151,188370,POST brute,Intensive tasks 1-191,true,188370
1626351102151,184550,POST brute,Intensive tasks 1-199,true,184550
