timeStamp,elapsed,label,threadName,success,Latency
1626335408396,8970,POST brute,Intensive tasks 1-1,true,8952
1626335409267,10240,POST brute,Intensive tasks 1-3,true,10206
1626335408768,11509,POST brute,Intensive tasks 1-2,true,11506
1626335409765,11418,POST brute,Intensive tasks 1-4,true,11407
1626335410263,12702,POST brute,Intensive tasks 1-5,true,12693
1626335410765,14620,POST brute,Intensive tasks 1-6,true,14618
1626335411264,15892,POST brute,Intensive tasks 1-7,true,15883
1626335412262,20280,POST brute,Intensive tasks 1-9,true,20275
1626335411763,20915,POST brute,Intensive tasks 1-8,true,20898
1626335412764,21920,POST brute,Intensive tasks 1-10,true,21844
1626335414263,23228,POST brute,Intensive tasks 1-13,true,23226
1626335413263,24989,POST brute,Intensive tasks 1-11,true,24987
1626335413763,28604,POST brute,Intensive tasks 1-12,true,28599
1626335416262,30131,POST brute,Intensive tasks 1-17,true,30124
1626335416762,32263,POST brute,Intensive tasks 1-18,true,32261
1626335414765,39584,POST brute,Intensive tasks 1-14,true,39581
1626335417263,37975,POST brute,Intensive tasks 1-19,true,37973
1626335415264,42383,POST brute,Intensive tasks 1-15,true,42380
1626335415763,42136,POST brute,Intensive tasks 1-16,true,42128
1626335418773,55621,POST brute,Intensive tasks 1-22,true,55578
1626335419263,66339,POST brute,Intensive tasks 1-23,true,66329
1626335421763,105149,POST brute,Intensive tasks 1-28,true,105147
1626335423264,109949,POST brute,Intensive tasks 1-31,true,109946
1626335419763,121821,POST brute,Intensive tasks 1-24,true,121819
1626335417763,124783,POST brute,Intensive tasks 1-20,true,124780
1626335422263,131630,POST brute,Intensive tasks 1-29,true,131628
1626335431762,124378,POST brute,Intensive tasks 1-48,true,124376
1626335430264,129471,POST brute,Intensive tasks 1-45,true,129465
1626335425263,134882,POST brute,Intensive tasks 1-35,true,134879
1626335424264,139611,POST brute,Intensive tasks 1-33,true,139608
1626335420764,144932,POST brute,Intensive tasks 1-26,true,144931
1626335420262,145481,POST brute,Intensive tasks 1-25,true,145480
1626335440762,132845,POST brute,Intensive tasks 1-66,true,132844
1626335418262,155764,POST brute,Intensive tasks 1-21,true,155763
1626335425763,152898,POST brute,Intensive tasks 1-36,true,152892
1626335422763,157704,POST brute,Intensive tasks 1-30,true,157702
1626335441763,139281,POST brute,Intensive tasks 1-68,true,139218
1626335427263,153949,POST brute,Intensive tasks 1-39,true,153948
1626335437763,145048,POST brute,Intensive tasks 1-60,true,145033
1626335426763,157262,POST brute,Intensive tasks 1-38,true,157247
1626335429773,156533,POST brute,Intensive tasks 1-44,true,156527
1626335435763,153765,POST brute,Intensive tasks 1-56,true,153764
1626335423763,169182,POST brute,Intensive tasks 1-32,true,169179
1626335435263,159201,POST brute,Intensive tasks 1-55,true,159184
1626335430763,163959,POST brute,Intensive tasks 1-46,true,163950
1626335433263,163610,POST brute,Intensive tasks 1-51,true,163607
1626335474763,124945,POST brute,Intensive tasks 1-134,true,124943
1626335449263,152719,POST brute,Intensive tasks 1-83,true,152718
1626335433762,169144,POST brute,Intensive tasks 1-52,true,169143
1626335443762,159556,POST brute,Intensive tasks 1-72,true,159554
1626335426264,178765,POST brute,Intensive tasks 1-37,true,178763
1626335421264,186407,POST brute,Intensive tasks 1-27,true,186397
1626335444763,164465,POST brute,Intensive tasks 1-74,true,164463
1626335436763,175057,POST brute,Intensive tasks 1-58,true,175055
1626335438262,174251,POST brute,Intensive tasks 1-61,true,174248
1626335427762,184780,POST brute,Intensive tasks 1-40,true,184777
1626335443262,170743,POST brute,Intensive tasks 1-71,true,170740
1626335458263,159027,POST brute,Intensive tasks 1-101,true,158994
1626335432262,185387,POST brute,Intensive tasks 1-49,true,185366
1626335428264,190060,POST brute,Intensive tasks 1-41,true,190055
1626335439263,181693,POST brute,Intensive tasks 1-63,true,181690
1626335457762,165116,POST brute,Intensive tasks 1-100,true,165111
1626335437264,187739,POST brute,Intensive tasks 1-59,true,187730
1626335429262,196084,POST brute,Intensive tasks 1-43,true,196081
1626335445762,183918,POST brute,Intensive tasks 1-76,true,183915
1626335434262,196902,POST brute,Intensive tasks 1-53,true,196899
1626335431262,202349,POST brute,Intensive tasks 1-47,true,202337
1626335434763,201260,POST brute,Intensive tasks 1-54,true,201213
1626335442264,195349,POST brute,Intensive tasks 1-69,true,195347
1626335446764,191680,POST brute,Intensive tasks 1-78,true,191661
1626335451763,187906,POST brute,Intensive tasks 1-88,true,187903
1626335432763,207361,POST brute,Intensive tasks 1-50,true,207358
1626335445262,195271,POST brute,Intensive tasks 1-75,true,195268
1626335440262,201570,POST brute,Intensive tasks 1-65,true,201566
1626335436263,207259,POST brute,Intensive tasks 1-57,true,207257
1626335462262,181332,POST brute,Intensive tasks 1-109,true,181330
1626335428763,216544,POST brute,Intensive tasks 1-42,true,216544
1626335438763,207252,POST brute,Intensive tasks 1-62,true,207248
1626335460263,186835,POST brute,Intensive tasks 1-105,true,186833
1626335471763,175960,POST brute,Intensive tasks 1-128,true,175958
1626335451263,197893,POST brute,Intensive tasks 1-87,true,197818
1626335447263,202519,POST brute,Intensive tasks 1-79,true,202515
1626335478263,173889,POST brute,Intensive tasks 1-141,true,173888
1626335457262,195003,POST brute,Intensive tasks 1-99,true,195003
1626335461762,192796,POST brute,Intensive tasks 1-108,true,192491
1626335424764,230548,POST brute,Intensive tasks 1-34,true,230307
1626335472262,183051,POST brute,Intensive tasks 1-129,true,182961
1626335439763,215921,POST brute,Intensive tasks 1-64,true,215918
1626335450762,206263,POST brute,Intensive tasks 1-86,true,206263
1626335468761,188703,POST brute,Intensive tasks 1-122,true,188702
1626335452263,206621,POST brute,Intensive tasks 1-89,true,206618
1626335470262,188941,POST brute,Intensive tasks 1-125,true,188938
1626335449763,210972,POST brute,Intensive tasks 1-84,true,210689
1626335492763,168282,POST brute,Intensive tasks 1-170,true,168279
1626335453763,207658,POST brute,Intensive tasks 1-92,true,207637
1626335488262,173286,POST brute,Intensive tasks 1-161,true,173275
1626335473763,187884,POST brute,Intensive tasks 1-132,true,187883
1626335452762,210457,POST brute,Intensive tasks 1-90,true,210440
1626335441262,222863,POST brute,Intensive tasks 1-67,true,222862
1626335479261,186279,POST brute,Intensive tasks 1-143,true,186277
1626335456764,209429,POST brute,Intensive tasks 1-98,true,209395
1626335456263,210151,POST brute,Intensive tasks 1-97,true,210149
1626335469262,197866,POST brute,Intensive tasks 1-123,true,197858
1626335442762,224937,POST brute,Intensive tasks 1-70,true,224925
1626335480263,189562,POST brute,Intensive tasks 1-145,true,189560
1626335473263,196586,POST brute,Intensive tasks 1-131,true,196571
1626335447763,222188,POST brute,Intensive tasks 1-80,true,222184
1626335464263,207074,POST brute,Intensive tasks 1-113,true,207072
1626335486762,184982,POST brute,Intensive tasks 1-158,true,184979
1626335494264,177727,POST brute,Intensive tasks 1-173,true,177709
1626335455762,216562,POST brute,Intensive tasks 1-96,true,216557
1626335444263,228144,POST brute,Intensive tasks 1-73,true,228143
1626335483262,192399,POST brute,Intensive tasks 1-151,true,192390
1626335450262,225810,POST brute,Intensive tasks 1-85,true,225806
1626335461262,215150,POST brute,Intensive tasks 1-107,true,215134
1626335448762,227692,POST brute,Intensive tasks 1-82,true,227690
1626335455262,221309,POST brute,Intensive tasks 1-95,true,221306
1626335479763,197413,POST brute,Intensive tasks 1-144,true,197413
1626335458763,218551,POST brute,Intensive tasks 1-102,true,218544
1626335475263,202160,POST brute,Intensive tasks 1-135,true,202158
1626335465763,212182,POST brute,Intensive tasks 1-116,true,212180
1626335468263,209898,POST brute,Intensive tasks 1-121,true,209896
1626335467262,211101,POST brute,Intensive tasks 1-119,true,211088
1626335478761,199682,POST brute,Intensive tasks 1-142,true,199679
1626335481762,196764,POST brute,Intensive tasks 1-148,true,196754
1626335463762,215061,POST brute,Intensive tasks 1-112,true,215056
1626335475762,204401,POST brute,Intensive tasks 1-136,true,204399
1626335460763,219426,POST brute,Intensive tasks 1-106,true,219419
1626335459761,220586,POST brute,Intensive tasks 1-104,true,220570
1626335497762,182917,POST brute,Intensive tasks 1-180,true,182908
1626335448276,232575,POST brute,Intensive tasks 1-81,true,232572
1626335489764,191633,POST brute,Intensive tasks 1-164,true,191633
1626335453262,228167,POST brute,Intensive tasks 1-91,true,228137
1626335487764,194046,POST brute,Intensive tasks 1-160,true,194044
1626335484262,197771,POST brute,Intensive tasks 1-153,true,197769
1626335459262,223236,POST brute,Intensive tasks 1-103,true,223225
1626335482763,199795,POST brute,Intensive tasks 1-150,true,199792
1626335446262,236950,POST brute,Intensive tasks 1-77,true,236945
1626335464762,218759,POST brute,Intensive tasks 1-114,true,218730
1626335485762,197760,POST brute,Intensive tasks 1-156,true,197743
1626335495763,187904,POST brute,Intensive tasks 1-176,true,187900
1626335491264,192414,POST brute,Intensive tasks 1-167,true,192399
1626335477262,206486,POST brute,Intensive tasks 1-139,true,206484
1626335470763,213028,POST brute,Intensive tasks 1-126,true,213014
1626335503271,180944,POST brute,Intensive tasks 1-191,true,180937
1626335462763,221721,POST brute,Intensive tasks 1-110,true,221718
1626335498763,185813,POST brute,Intensive tasks 1-182,true,185812
1626335500264,184760,POST brute,Intensive tasks 1-185,true,184758
1626335490263,194852,POST brute,Intensive tasks 1-165,true,194841
1626335495262,189919,POST brute,Intensive tasks 1-175,true,189913
1626335463263,222197,POST brute,Intensive tasks 1-111,true,222196
1626335499262,186314,POST brute,Intensive tasks 1-183,true,186313
1626335505262,180958,POST brute,Intensive tasks 1-195,true,180955
1626335490762,195593,POST brute,Intensive tasks 1-166,true,195563
1626335476267,210630,POST brute,Intensive tasks 1-137,true,210617
1626335496763,190330,POST brute,Intensive tasks 1-178,true,190326
1626335476762,210541,POST brute,Intensive tasks 1-138,true,210539
1626335465263,222251,POST brute,Intensive tasks 1-115,true,222248
1626335477764,209997,POST brute,Intensive tasks 1-140,true,209995
1626335489264,198634,POST brute,Intensive tasks 1-163,true,198631
1626335494763,193320,POST brute,Intensive tasks 1-174,true,193301
1626335505762,182359,POST brute,Intensive tasks 1-196,true,182356
1626335454263,234088,POST brute,Intensive tasks 1-93,true,234057
1626335482263,206255,POST brute,Intensive tasks 1-149,true,206253
1626335467763,220912,POST brute,Intensive tasks 1-120,true,220884
1626335507264,181445,POST brute,Intensive tasks 1-199,true,181416
1626335485263,203579,POST brute,Intensive tasks 1-155,true,203577
1626335469763,219100,POST brute,Intensive tasks 1-124,true,219092
1626335466263,223046,POST brute,Intensive tasks 1-117,true,223022
1626335466761,222616,POST brute,Intensive tasks 1-118,true,222613
1626335471262,218337,POST brute,Intensive tasks 1-127,true,218335
1626335487267,202407,POST brute,Intensive tasks 1-159,true,202405
1626335474277,215603,POST brute,Intensive tasks 1-133,true,215593
1626335472764,217453,POST brute,Intensive tasks 1-130,true,217451
1626335488762,201493,POST brute,Intensive tasks 1-162,true,201469
1626335454763,235549,POST brute,Intensive tasks 1-94,true,235547
1626335480773,209614,POST brute,Intensive tasks 1-146,true,209601
1626335493763,196641,POST brute,Intensive tasks 1-172,true,196639
1626335504264,186213,POST brute,Intensive tasks 1-193,true,186209
1626335499762,190764,POST brute,Intensive tasks 1-184,true,190755
1626335506764,183782,POST brute,Intensive tasks 1-198,true,183751
1626335500763,189821,POST brute,Intensive tasks 1-186,true,189818
1626335491763,198903,POST brute,Intensive tasks 1-168,true,198900
1626335493262,197760,POST brute,Intensive tasks 1-171,true,197758
1626335502770,188381,POST brute,Intensive tasks 1-190,true,188379
1626335502263,188888,POST brute,Intensive tasks 1-189,true,188886
1626335507762,183594,POST brute,Intensive tasks 1-200,true,183591
1626335492264,199241,POST brute,Intensive tasks 1-169,true,199239
1626335497262,194249,POST brute,Intensive tasks 1-179,true,194247
1626335501262,190416,POST brute,Intensive tasks 1-187,true,190414
1626335501762,190025,POST brute,Intensive tasks 1-188,true,190023
1626335483762,208411,POST brute,Intensive tasks 1-152,true,208401
1626335484763,207693,POST brute,Intensive tasks 1-154,true,207689
1626335503770,188775,POST brute,Intensive tasks 1-192,true,188773
1626335486262,206459,POST brute,Intensive tasks 1-157,true,206456
1626335506262,186499,POST brute,Intensive tasks 1-197,true,186497
1626335504763,188059,POST brute,Intensive tasks 1-194,true,188057
1626335481262,211585,POST brute,Intensive tasks 1-147,true,211584
1626335498264,194625,POST brute,Intensive tasks 1-181,true,194624
1626335496263,196631,POST brute,Intensive tasks 1-177,true,196630
