timeStamp,elapsed,label,threadName,success,Latency
1626355197715,12126,POST brute,Intensive tasks 1-5,true,12123
1626355196720,13489,POST brute,Intensive tasks 1-2,true,13489
1626355196524,13720,POST brute,Intensive tasks 1-1,true,13720
1626355197052,13379,POST brute,Intensive tasks 1-3,true,13379
1626355197383,13311,POST brute,Intensive tasks 1-4,true,13311
1626355198049,15057,POST brute,Intensive tasks 1-6,true,15057
1626355198381,18247,POST brute,Intensive tasks 1-7,true,18247
1626355198719,18201,POST brute,Intensive tasks 1-8,true,18201
1626355199712,20437,POST brute,Intensive tasks 1-11,true,20437
1626355199045,22197,POST brute,Intensive tasks 1-9,true,22197
1626355203042,18797,POST brute,Intensive tasks 1-21,true,18797
1626355201711,20791,POST brute,Intensive tasks 1-17,true,20791
1626355199379,23303,POST brute,Intensive tasks 1-10,true,23303
1626355202043,21037,POST brute,Intensive tasks 1-18,true,21037
1626355202377,20814,POST brute,Intensive tasks 1-19,true,20813
1626355200052,23338,POST brute,Intensive tasks 1-12,true,23338
1626355202710,21471,POST brute,Intensive tasks 1-20,true,21471
1626355200379,24396,POST brute,Intensive tasks 1-13,true,24396
1626355200713,24600,POST brute,Intensive tasks 1-14,true,24600
1626355201044,25342,POST brute,Intensive tasks 1-15,true,25342
1626355201378,26775,POST brute,Intensive tasks 1-16,true,26775
1626355203375,24930,POST brute,Intensive tasks 1-22,true,24930
1626355203708,29716,POST brute,Intensive tasks 1-23,true,29716
1626355204041,29861,POST brute,Intensive tasks 1-24,true,29861
1626355205040,33341,POST brute,Intensive tasks 1-27,true,33341
1626355204374,35375,POST brute,Intensive tasks 1-25,true,35375
1626355208370,34787,POST brute,Intensive tasks 1-37,true,34787
1626355207038,37812,POST brute,Intensive tasks 1-33,true,37812
1626355207374,37573,POST brute,Intensive tasks 1-34,true,37573
1626355204707,41079,POST brute,Intensive tasks 1-26,true,41079
1626355207703,38172,POST brute,Intensive tasks 1-35,true,38172
1626355205379,41890,POST brute,Intensive tasks 1-28,true,41890
1626355208037,39404,POST brute,Intensive tasks 1-36,true,39404
1626355206039,42184,POST brute,Intensive tasks 1-30,true,42184
1626355205707,43462,POST brute,Intensive tasks 1-29,true,43462
1626355206373,45107,POST brute,Intensive tasks 1-31,true,45107
1626355208702,43615,POST brute,Intensive tasks 1-38,true,43615
1626355206706,45937,POST brute,Intensive tasks 1-32,true,45937
1626355209369,47688,POST brute,Intensive tasks 1-40,true,47688
1626355209035,48240,POST brute,Intensive tasks 1-39,true,48240
1626355210367,51809,POST brute,Intensive tasks 1-43,true,51809
1626355209702,53305,POST brute,Intensive tasks 1-41,true,53305
1626355213698,51146,POST brute,Intensive tasks 1-53,true,51146
1626355212700,54414,POST brute,Intensive tasks 1-50,true,54414
1626355212366,55264,POST brute,Intensive tasks 1-49,true,55264
1626355210035,59173,POST brute,Intensive tasks 1-42,true,59173
1626355213031,56589,POST brute,Intensive tasks 1-51,true,56589
1626355213364,57199,POST brute,Intensive tasks 1-52,true,57199
1626355210706,60027,POST brute,Intensive tasks 1-44,true,60027
1626355211366,60139,POST brute,Intensive tasks 1-46,true,60139
1626355211035,61724,POST brute,Intensive tasks 1-45,true,61724
1626355211699,62967,POST brute,Intensive tasks 1-47,true,62967
1626355214031,61592,POST brute,Intensive tasks 1-54,true,61592
1626355212034,64620,POST brute,Intensive tasks 1-48,true,64620
1626355214696,65807,POST brute,Intensive tasks 1-56,true,65807
1626355214364,66227,POST brute,Intensive tasks 1-55,true,66227
1626355215696,69058,POST brute,Intensive tasks 1-59,true,69058
1626355219026,67346,POST brute,Intensive tasks 1-69,true,67346
1626355215029,71622,POST brute,Intensive tasks 1-57,true,71622
1626355218027,70497,POST brute,Intensive tasks 1-66,true,70497
1626355217693,73238,POST brute,Intensive tasks 1-65,true,73238
1626355215364,77621,POST brute,Intensive tasks 1-58,true,77621
1626355218360,74643,POST brute,Intensive tasks 1-67,true,74643
1626355216028,77158,POST brute,Intensive tasks 1-60,true,77158
1626355218693,75111,POST brute,Intensive tasks 1-68,true,75111
1626355216695,77977,POST brute,Intensive tasks 1-62,true,77977
1626355216362,80059,POST brute,Intensive tasks 1-61,true,80059
1626355217028,81167,POST brute,Intensive tasks 1-63,true,81167
1626355219360,79903,POST brute,Intensive tasks 1-70,true,79903
1626355217361,83282,POST brute,Intensive tasks 1-64,true,83282
1626355219693,84345,POST brute,Intensive tasks 1-71,true,84345
1626355220026,84047,POST brute,Intensive tasks 1-72,true,84047
1626355224353,82910,POST brute,Intensive tasks 1-85,true,82910
1626355221023,87865,POST brute,Intensive tasks 1-75,true,87865
1626355220357,88948,POST brute,Intensive tasks 1-73,true,88948
1626355223355,88056,POST brute,Intensive tasks 1-82,true,88056
1626355223023,91216,POST brute,Intensive tasks 1-81,true,91216
1626355221357,95022,POST brute,Intensive tasks 1-76,true,95022
1626355223687,92853,POST brute,Intensive tasks 1-83,true,92853
1626355224021,92853,POST brute,Intensive tasks 1-84,true,92853
1626355220691,96527,POST brute,Intensive tasks 1-74,true,96527
1626355222023,96683,POST brute,Intensive tasks 1-78,true,96683
1626355221690,98441,POST brute,Intensive tasks 1-77,true,98441
1626355224691,96470,POST brute,Intensive tasks 1-86,true,96470
1626355222355,99118,POST brute,Intensive tasks 1-79,true,99118
1626355222689,100817,POST brute,Intensive tasks 1-80,true,100817
1626355225357,101538,POST brute,Intensive tasks 1-88,true,101538
1626355225033,102721,POST brute,Intensive tasks 1-87,true,102721
1626355229682,98912,POST brute,Intensive tasks 1-101,true,98912
1626355226352,105461,POST brute,Intensive tasks 1-91,true,105461
1626355225685,106728,POST brute,Intensive tasks 1-89,true,106728
1626355228682,104737,POST brute,Intensive tasks 1-98,true,104737
1626355228349,109458,POST brute,Intensive tasks 1-97,true,109458
1626355226684,112774,POST brute,Intensive tasks 1-92,true,112774
1626355229349,110202,POST brute,Intensive tasks 1-100,true,110202
1626355229015,111049,POST brute,Intensive tasks 1-99,true,111049
1626355226018,115000,POST brute,Intensive tasks 1-90,true,115000
1626355227017,116256,POST brute,Intensive tasks 1-93,true,116256
1626355227350,116005,POST brute,Intensive tasks 1-94,true,116005
1626355230014,114633,POST brute,Intensive tasks 1-102,true,114633
1626355227683,117358,POST brute,Intensive tasks 1-95,true,117358
1626355228017,117904,POST brute,Intensive tasks 1-96,true,117904
1626355230681,119831,POST brute,Intensive tasks 1-104,true,119831
1626355235010,115658,POST brute,Intensive tasks 1-117,true,115658
1626355230347,120642,POST brute,Intensive tasks 1-103,true,120642
1626355234010,121511,POST brute,Intensive tasks 1-114,true,121511
1626355231014,124567,POST brute,Intensive tasks 1-105,true,124567
1626355231680,124040,POST brute,Intensive tasks 1-107,true,124040
1626355233678,128052,POST brute,Intensive tasks 1-113,true,128052
1626355234676,128524,POST brute,Intensive tasks 1-116,true,128523
1626355232013,131397,POST brute,Intensive tasks 1-108,true,131397
1626355234343,129172,POST brute,Intensive tasks 1-115,true,129172
1626355231346,133578,POST brute,Intensive tasks 1-106,true,133578
1626355232678,133405,POST brute,Intensive tasks 1-110,true,133405
1626355235343,131606,POST brute,Intensive tasks 1-118,true,131606
1626355232345,134667,POST brute,Intensive tasks 1-109,true,134667
1626355233345,134909,POST brute,Intensive tasks 1-112,true,134909
1626355233011,135953,POST brute,Intensive tasks 1-111,true,135953
1626355240339,130858,POST brute,Intensive tasks 1-133,true,130858
1626355236009,138129,POST brute,Intensive tasks 1-120,true,138129
1626355235676,138622,POST brute,Intensive tasks 1-119,true,138622
1626355239338,139161,POST brute,Intensive tasks 1-130,true,139161
1626355237007,142132,POST brute,Intensive tasks 1-123,true,142132
1626355236342,142890,POST brute,Intensive tasks 1-121,true,142890
1626355239006,146708,POST brute,Intensive tasks 1-129,true,146708
1626355237340,148400,POST brute,Intensive tasks 1-124,true,148400
1626355239671,146600,POST brute,Intensive tasks 1-131,true,146599
1626355240005,146922,POST brute,Intensive tasks 1-132,true,146922
1626355236675,151839,POST brute,Intensive tasks 1-122,true,151839
1626355240670,149165,POST brute,Intensive tasks 1-134,true,149165
1626355238006,152143,POST brute,Intensive tasks 1-126,true,152143
1626355237673,153245,POST brute,Intensive tasks 1-125,true,153245
1626355238341,153346,POST brute,Intensive tasks 1-127,true,153346
1626355238673,153541,POST brute,Intensive tasks 1-128,true,153540
1626355245665,146649,POST brute,Intensive tasks 1-149,true,146649
1626355241338,155102,POST brute,Intensive tasks 1-136,true,155102
1626355241004,157886,POST brute,Intensive tasks 1-135,true,157886
1626355244672,155364,POST brute,Intensive tasks 1-146,true,155364
1626355242335,159803,POST brute,Intensive tasks 1-139,true,159803
1626355241670,160697,POST brute,Intensive tasks 1-137,true,160697
1626355242668,166133,POST brute,Intensive tasks 1-140,true,166133
1626355245000,164154,POST brute,Intensive tasks 1-147,true,164154
1626355244334,164969,POST brute,Intensive tasks 1-145,true,164969
1626355245333,165204,POST brute,Intensive tasks 1-148,true,165204
1626355242002,170585,POST brute,Intensive tasks 1-138,true,170585
1626355245998,166793,POST brute,Intensive tasks 1-150,true,166793
1626355250993,162007,POST brute,Intensive tasks 1-165,true,162007
1626355243335,170384,POST brute,Intensive tasks 1-142,true,170384
1626355243001,171434,POST brute,Intensive tasks 1-141,true,171434
1626355244001,170466,POST brute,Intensive tasks 1-144,true,170466
1626355243668,171844,POST brute,Intensive tasks 1-143,true,171844
1626355246665,173011,POST brute,Intensive tasks 1-152,true,173011
1626355246331,176304,POST brute,Intensive tasks 1-151,true,176304
1626355249994,173266,POST brute,Intensive tasks 1-162,true,173266
1626355246998,177516,POST brute,Intensive tasks 1-153,true,177516
1626355247663,177803,POST brute,Intensive tasks 1-155,true,177803
1626355250328,181872,POST brute,Intensive tasks 1-163,true,181872
1626355247996,184684,POST brute,Intensive tasks 1-156,true,184684
1626355250662,182755,POST brute,Intensive tasks 1-164,true,182755
1626355249661,183998,POST brute,Intensive tasks 1-161,true,183997
1626355256322,178390,POST brute,Intensive tasks 1-181,true,178390
1626355251340,183771,POST brute,Intensive tasks 1-166,true,183771
1626355247330,189011,POST brute,Intensive tasks 1-154,true,189011
1626355248328,188372,POST brute,Intensive tasks 1-157,true,188372
1626355248663,188431,POST brute,Intensive tasks 1-158,true,188431
1626355249329,188147,POST brute,Intensive tasks 1-160,true,188147
1626355248996,189277,POST brute,Intensive tasks 1-159,true,189277
1626355251994,189863,POST brute,Intensive tasks 1-168,true,189863
1626355255323,189783,POST brute,Intensive tasks 1-178,true,189783
1626355251660,194322,POST brute,Intensive tasks 1-167,true,194322
1626355252326,195430,POST brute,Intensive tasks 1-169,true,195430
1626355252992,196242,POST brute,Intensive tasks 1-171,true,196242
1626355255655,200190,POST brute,Intensive tasks 1-179,true,200190
1626355253324,203061,POST brute,Intensive tasks 1-172,true,203061
1626355261651,195046,POST brute,Intensive tasks 1-197,true,195046
1626355255988,200788,POST brute,Intensive tasks 1-180,true,200788
1626355254990,201873,POST brute,Intensive tasks 1-177,true,201873
1626355256655,201436,POST brute,Intensive tasks 1-182,true,201436
1626355252658,207479,POST brute,Intensive tasks 1-170,true,207478
1626355253990,206554,POST brute,Intensive tasks 1-174,true,206554
1626355254656,206246,POST brute,Intensive tasks 1-176,true,206246
1626355254323,206595,POST brute,Intensive tasks 1-175,true,206595
1626355253659,207417,POST brute,Intensive tasks 1-173,true,207417
1626355257321,207477,POST brute,Intensive tasks 1-184,true,207477
1626355260651,206782,POST brute,Intensive tasks 1-194,true,206782
1626355256987,212564,POST brute,Intensive tasks 1-183,true,212564
1626355257654,212727,POST brute,Intensive tasks 1-185,true,212727
1626355258320,213253,POST brute,Intensive tasks 1-187,true,213253
1626355258653,219828,POST brute,Intensive tasks 1-188,true,219828
1626355266988,211875,POST brute,Intensive tasks 1-213,true,211875
1626355261317,218202,POST brute,Intensive tasks 1-196,true,218202
1626355260983,218965,POST brute,Intensive tasks 1-195,true,218965
1626355260319,220174,POST brute,Intensive tasks 1-193,true,220174
1626355261982,219607,POST brute,Intensive tasks 1-198,true,219607
1626355259652,223973,POST brute,Intensive tasks 1-191,true,223973
1626355259318,224549,POST brute,Intensive tasks 1-190,true,224549
1626355257986,226118,POST brute,Intensive tasks 1-186,true,226118
1626355258985,225277,POST brute,Intensive tasks 1-189,true,225277
1626355259985,224428,POST brute,Intensive tasks 1-192,true,224428
1626355262648,225758,POST brute,Intensive tasks 1-200,true,225757
1626355265980,224091,POST brute,Intensive tasks 1-210,true,224091
1626355262316,229811,POST brute,Intensive tasks 1-199,true,229811
1626355262982,230234,POST brute,Intensive tasks 1-201,true,230234
1626355263647,231866,POST brute,Intensive tasks 1-203,true,231866
1626355272306,228306,POST brute,Intensive tasks 1-229,true,228306
1626355266646,235556,POST brute,Intensive tasks 1-212,true,235556
1626355263980,238569,POST brute,Intensive tasks 1-204,true,238569
1626355266313,236656,POST brute,Intensive tasks 1-211,true,236656
1626355265645,238702,POST brute,Intensive tasks 1-209,true,238702
1626355267319,237434,POST brute,Intensive tasks 1-214,true,237434
1626355264980,241237,POST brute,Intensive tasks 1-207,true,241237
1626355264648,242345,POST brute,Intensive tasks 1-206,true,242345
1626355263314,244113,POST brute,Intensive tasks 1-202,true,244113
1626355264313,243145,POST brute,Intensive tasks 1-205,true,243144
1626355265312,243334,POST brute,Intensive tasks 1-208,true,243334
1626355267978,243183,POST brute,Intensive tasks 1-216,true,243183
1626355271306,240196,POST brute,Intensive tasks 1-226,true,240196
1626355267660,247914,POST brute,Intensive tasks 1-215,true,247914
1626355268310,247276,POST brute,Intensive tasks 1-217,true,247276
1626355268976,250159,POST brute,Intensive tasks 1-219,true,250159
1626355277634,245203,POST brute,Intensive tasks 1-245,true,245203
1626355269310,255589,POST brute,Intensive tasks 1-220,true,255589
1626355271972,253717,POST brute,Intensive tasks 1-228,true,253717
1626355270974,256334,POST brute,Intensive tasks 1-225,true,256334
1626355271639,255768,POST brute,Intensive tasks 1-227,true,255768
1626355272638,255297,POST brute,Intensive tasks 1-230,true,255297
1626355270308,259364,POST brute,Intensive tasks 1-223,true,259364
1626355269975,260365,POST brute,Intensive tasks 1-222,true,260365
1626355270642,260228,POST brute,Intensive tasks 1-224,true,260228
1626355268643,262611,POST brute,Intensive tasks 1-218,true,262611
1626355269642,261778,POST brute,Intensive tasks 1-221,true,261778
1626355273304,260363,POST brute,Intensive tasks 1-232,true,260363
1626355276635,258442,POST brute,Intensive tasks 1-242,true,258442
1626355273637,264570,POST brute,Intensive tasks 1-233,true,264570
1626355272974,266007,POST brute,Intensive tasks 1-231,true,266007
1626355274304,268128,POST brute,Intensive tasks 1-235,true,268128
1626355282970,261575,POST brute,Intensive tasks 1-261,true,261575
1626355274636,273442,POST brute,Intensive tasks 1-236,true,273442
1626355277300,271586,POST brute,Intensive tasks 1-244,true,271586
1626355276968,273345,POST brute,Intensive tasks 1-243,true,273345
1626355277967,272954,POST brute,Intensive tasks 1-246,true,272954
1626355276301,275202,POST brute,Intensive tasks 1-241,true,275202
1626355275645,276751,POST brute,Intensive tasks 1-239,true,276751
1626355275968,277920,POST brute,Intensive tasks 1-240,true,277920
1626355275304,278745,POST brute,Intensive tasks 1-238,true,278745
1626355274969,279951,POST brute,Intensive tasks 1-237,true,279951
1626355273971,281674,POST brute,Intensive tasks 1-234,true,281674
1626355278632,277219,POST brute,Intensive tasks 1-248,true,277219
1626355281962,275767,POST brute,Intensive tasks 1-258,true,275767
1626355278966,281898,POST brute,Intensive tasks 1-249,true,281898
1626355278299,283756,POST brute,Intensive tasks 1-247,true,283756
1626355288289,277643,POST brute,Intensive tasks 1-277,true,277643
1626355279630,287294,POST brute,Intensive tasks 1-251,true,287294
1626355279977,291542,POST brute,Intensive tasks 1-252,true,291542
1626355282629,289963,POST brute,Intensive tasks 1-260,true,289963
1626355282295,291493,POST brute,Intensive tasks 1-259,true,291493
1626355281630,293229,POST brute,Intensive tasks 1-257,true,293229
1626355283294,291911,POST brute,Intensive tasks 1-262,true,291911
1626355280963,294515,POST brute,Intensive tasks 1-255,true,294515
1626355281297,295470,POST brute,Intensive tasks 1-256,true,295470
1626355280630,296630,POST brute,Intensive tasks 1-254,true,296630
1626355280298,297572,POST brute,Intensive tasks 1-253,true,297572
1626355283961,294674,POST brute,Intensive tasks 1-264,true,294674
1626355279299,299724,POST brute,Intensive tasks 1-250,true,299724
1626355287290,292593,POST brute,Intensive tasks 1-274,true,292593
1626355284295,299074,POST brute,Intensive tasks 1-265,true,299074
1626355283627,301906,POST brute,Intensive tasks 1-263,true,301906
1626355293618,294192,POST brute,Intensive tasks 1-293,true,294192
1626355284959,306039,POST brute,Intensive tasks 1-267,true,306039
1626355285292,309104,POST brute,Intensive tasks 1-268,true,309104
1626355287956,307267,POST brute,Intensive tasks 1-276,true,307267
1626355287623,308569,POST brute,Intensive tasks 1-275,true,308569
1626355286958,310412,POST brute,Intensive tasks 1-273,true,310412
1626355288623,309245,POST brute,Intensive tasks 1-278,true,309245
1626355286292,312145,POST brute,Intensive tasks 1-271,true,312145
1626355286624,312406,POST brute,Intensive tasks 1-272,true,312406
1626355285960,313942,POST brute,Intensive tasks 1-270,true,313942
1626355292619,307623,POST brute,Intensive tasks 1-290,true,307623
1626355289288,311232,POST brute,Intensive tasks 1-280,true,311232
1626355285626,315191,POST brute,Intensive tasks 1-269,true,315191
1626355284635,317036,POST brute,Intensive tasks 1-266,true,317036
1626355289621,315188,POST brute,Intensive tasks 1-281,true,315188
1626355288954,316971,POST brute,Intensive tasks 1-279,true,316971
1626355290287,321690,POST brute,Intensive tasks 1-283,true,321690
1626355290619,324146,POST brute,Intensive tasks 1-284,true,324146
1626355293284,323005,POST brute,Intensive tasks 1-292,true,323005
1626355292952,324078,POST brute,Intensive tasks 1-291,true,324078
1626355292286,325267,POST brute,Intensive tasks 1-289,true,325267
1626355293951,324319,POST brute,Intensive tasks 1-294,true,324319
1626355291952,326674,POST brute,Intensive tasks 1-288,true,326674
1626355291619,327148,POST brute,Intensive tasks 1-287,true,327148
1626355291287,327866,POST brute,Intensive tasks 1-286,true,327866
1626355290954,328645,POST brute,Intensive tasks 1-285,true,328645
1626355294617,325151,POST brute,Intensive tasks 1-296,true,325151
1626355289955,329921,POST brute,Intensive tasks 1-282,true,329921
1626355294949,326162,POST brute,Intensive tasks 1-297,true,326162
1626355294285,326971,POST brute,Intensive tasks 1-295,true,326971
1626355295615,327304,POST brute,Intensive tasks 1-299,true,327304
1626355295949,327601,POST brute,Intensive tasks 1-300,true,327601
1626355295282,329923,POST brute,Intensive tasks 1-298,true,329923
