timeStamp,elapsed,label,threadName,success,Latency
1626355776341,12463,POST brute,Intensive tasks 1-3,true,12460
1626355776004,13218,POST brute,Intensive tasks 1-2,true,13218
1626355775799,13539,POST brute,Intensive tasks 1-1,true,13539
1626355777002,14835,POST brute,Intensive tasks 1-5,true,14835
1626355776668,15903,POST brute,Intensive tasks 1-4,true,15903
1626355777335,16786,POST brute,Intensive tasks 1-6,true,16786
1626355777668,19282,POST brute,Intensive tasks 1-7,true,19282
1626355781330,20114,POST brute,Intensive tasks 1-18,true,20114
1626355780995,21122,POST brute,Intensive tasks 1-17,true,21122
1626355778003,24995,POST brute,Intensive tasks 1-8,true,24994
1626355781662,21529,POST brute,Intensive tasks 1-19,true,21529
1626355781994,22460,POST brute,Intensive tasks 1-20,true,22459
1626355782328,24022,POST brute,Intensive tasks 1-21,true,24022
1626355778332,28220,POST brute,Intensive tasks 1-9,true,28219
1626355782661,25099,POST brute,Intensive tasks 1-22,true,25099
1626355778666,30655,POST brute,Intensive tasks 1-10,true,30654
1626355778998,32473,POST brute,Intensive tasks 1-11,true,32473
1626355782993,29671,POST brute,Intensive tasks 1-23,true,29671
1626355779333,36731,POST brute,Intensive tasks 1-12,true,36731
1626355779665,36850,POST brute,Intensive tasks 1-13,true,36850
1626355786657,31645,POST brute,Intensive tasks 1-34,true,31645
1626355786324,32489,POST brute,Intensive tasks 1-33,true,32489
1626355779999,39201,POST brute,Intensive tasks 1-14,true,39201
1626355780330,39037,POST brute,Intensive tasks 1-15,true,39037
1626355780663,38707,POST brute,Intensive tasks 1-16,true,38707
1626355783326,37121,POST brute,Intensive tasks 1-24,true,37121
1626355786990,33941,POST brute,Intensive tasks 1-35,true,33941
1626355787322,36581,POST brute,Intensive tasks 1-36,true,36581
1626355783661,41894,POST brute,Intensive tasks 1-25,true,41893
1626355787655,39419,POST brute,Intensive tasks 1-37,true,39419
1626355787989,39248,POST brute,Intensive tasks 1-38,true,39248
1626355783993,47117,POST brute,Intensive tasks 1-26,true,47117
1626355784326,48620,POST brute,Intensive tasks 1-27,true,48620
1626355788322,46533,POST brute,Intensive tasks 1-39,true,46533
1626355784658,53936,POST brute,Intensive tasks 1-28,true,53936
1626355784993,53910,POST brute,Intensive tasks 1-29,true,53910
1626355791651,50152,POST brute,Intensive tasks 1-49,true,50152
1626355791985,49841,POST brute,Intensive tasks 1-50,true,49841
1626355785993,56235,POST brute,Intensive tasks 1-32,true,56235
1626355785324,57714,POST brute,Intensive tasks 1-30,true,57714
1626355785658,57492,POST brute,Intensive tasks 1-31,true,57491
1626355788654,55111,POST brute,Intensive tasks 1-40,true,55111
1626355792318,51456,POST brute,Intensive tasks 1-51,true,51456
1626355792651,54509,POST brute,Intensive tasks 1-52,true,54509
1626355788988,59231,POST brute,Intensive tasks 1-41,true,59231
1626355793317,57018,POST brute,Intensive tasks 1-54,true,57018
1626355792984,57386,POST brute,Intensive tasks 1-53,true,57386
1626355789321,65073,POST brute,Intensive tasks 1-42,true,65073
1626355789658,65942,POST brute,Intensive tasks 1-43,true,65942
1626355793651,64266,POST brute,Intensive tasks 1-55,true,64266
1626355789986,71216,POST brute,Intensive tasks 1-44,true,71216
1626355790320,72105,POST brute,Intensive tasks 1-45,true,72105
1626355791318,74117,POST brute,Intensive tasks 1-48,true,74117
1626355797325,68110,POST brute,Intensive tasks 1-66,true,68110
1626355796979,68540,POST brute,Intensive tasks 1-65,true,68540
1626355790653,74913,POST brute,Intensive tasks 1-46,true,74913
1626355790986,75379,POST brute,Intensive tasks 1-47,true,75379
1626355793983,72746,POST brute,Intensive tasks 1-56,true,72746
1626355797647,69508,POST brute,Intensive tasks 1-67,true,69508
1626355797978,72307,POST brute,Intensive tasks 1-68,true,72307
1626355794316,76888,POST brute,Intensive tasks 1-57,true,76888
1626355798311,75330,POST brute,Intensive tasks 1-69,true,75330
1626355798648,76076,POST brute,Intensive tasks 1-70,true,76076
1626355794649,83058,POST brute,Intensive tasks 1-58,true,83058
1626355794983,83996,POST brute,Intensive tasks 1-59,true,83996
1626355798978,81896,POST brute,Intensive tasks 1-71,true,81896
1626355795316,89540,POST brute,Intensive tasks 1-60,true,89540
1626355795648,90172,POST brute,Intensive tasks 1-61,true,90172
1626355796648,91623,POST brute,Intensive tasks 1-64,true,91623
1626355802655,85894,POST brute,Intensive tasks 1-82,true,85894
1626355802308,86377,POST brute,Intensive tasks 1-81,true,86377
1626355795979,92745,POST brute,Intensive tasks 1-62,true,92745
1626355799310,90081,POST brute,Intensive tasks 1-72,true,90081
1626355796315,93144,POST brute,Intensive tasks 1-63,true,93144
1626355802973,86811,POST brute,Intensive tasks 1-83,true,86811
1626355799643,93345,POST brute,Intensive tasks 1-73,true,93345
1626355803307,90250,POST brute,Intensive tasks 1-84,true,90250
1626355803641,93236,POST brute,Intensive tasks 1-85,true,93236
1626355803973,94465,POST brute,Intensive tasks 1-86,true,94465
1626355799976,100996,POST brute,Intensive tasks 1-74,true,100996
1626355800311,102288,POST brute,Intensive tasks 1-75,true,102288
1626355804306,99597,POST brute,Intensive tasks 1-87,true,99597
1626355800644,107789,POST brute,Intensive tasks 1-76,true,107789
1626355800975,108089,POST brute,Intensive tasks 1-77,true,108089
1626355801975,109259,POST brute,Intensive tasks 1-80,true,109259
1626355804639,107153,POST brute,Intensive tasks 1-88,true,107153
1626355801309,110550,POST brute,Intensive tasks 1-78,true,110550
1626355807968,103978,POST brute,Intensive tasks 1-98,true,103978
1626355807635,104377,POST brute,Intensive tasks 1-97,true,104377
1626355808302,103953,POST brute,Intensive tasks 1-99,true,103953
1626355801641,111493,POST brute,Intensive tasks 1-79,true,111493
1626355804972,111248,POST brute,Intensive tasks 1-89,true,111248
1626355808636,108131,POST brute,Intensive tasks 1-100,true,108131
1626355808967,111463,POST brute,Intensive tasks 1-101,true,111463
1626355809300,112763,POST brute,Intensive tasks 1-102,true,112763
1626355805305,117792,POST brute,Intensive tasks 1-90,true,117792
1626355805637,120161,POST brute,Intensive tasks 1-91,true,120161
1626355809633,117307,POST brute,Intensive tasks 1-103,true,117307
1626355805970,125540,POST brute,Intensive tasks 1-92,true,125540
1626355806304,125785,POST brute,Intensive tasks 1-93,true,125785
1626355813297,121439,POST brute,Intensive tasks 1-114,true,121439
1626355812963,121907,POST brute,Intensive tasks 1-113,true,121907
1626355806638,128440,POST brute,Intensive tasks 1-94,true,128440
1626355807302,127830,POST brute,Intensive tasks 1-96,true,127830
1626355809967,125199,POST brute,Intensive tasks 1-104,true,125199
1626355813637,122510,POST brute,Intensive tasks 1-115,true,122510
1626355806971,130136,POST brute,Intensive tasks 1-95,true,130136
1626355810314,129256,POST brute,Intensive tasks 1-105,true,129256
1626355813964,125906,POST brute,Intensive tasks 1-116,true,125906
1626355814295,129913,POST brute,Intensive tasks 1-117,true,129913
1626355814628,130922,POST brute,Intensive tasks 1-118,true,130922
1626355810633,136230,POST brute,Intensive tasks 1-106,true,136230
1626355810966,137857,POST brute,Intensive tasks 1-107,true,137857
1626355814961,133937,POST brute,Intensive tasks 1-119,true,133937
1626355811298,143294,POST brute,Intensive tasks 1-108,true,143294
1626355811631,143216,POST brute,Intensive tasks 1-109,true,143216
1626355811965,144853,POST brute,Intensive tasks 1-110,true,144853
1626355818292,139076,POST brute,Intensive tasks 1-129,true,139076
1626355812631,144965,POST brute,Intensive tasks 1-112,true,144965
1626355818625,139124,POST brute,Intensive tasks 1-130,true,139124
1626355815295,142843,POST brute,Intensive tasks 1-120,true,142843
1626355818957,141311,POST brute,Intensive tasks 1-131,true,141311
1626355812299,148587,POST brute,Intensive tasks 1-111,true,148587
1626355815629,146443,POST brute,Intensive tasks 1-121,true,146443
1626355819290,143758,POST brute,Intensive tasks 1-132,true,143758
1626355819623,147337,POST brute,Intensive tasks 1-133,true,147337
1626355819958,148166,POST brute,Intensive tasks 1-134,true,148165
1626355815960,154739,POST brute,Intensive tasks 1-122,true,154739
1626355816293,155268,POST brute,Intensive tasks 1-123,true,155268
1626355820290,151310,POST brute,Intensive tasks 1-135,true,151309
1626355816960,160182,POST brute,Intensive tasks 1-125,true,160182
1626355816627,161481,POST brute,Intensive tasks 1-124,true,161481
1626355823620,156063,POST brute,Intensive tasks 1-145,true,156063
1626355817958,161856,POST brute,Intensive tasks 1-128,true,161856
1626355817293,162655,POST brute,Intensive tasks 1-126,true,162655
1626355823952,156384,POST brute,Intensive tasks 1-146,true,156384
1626355820623,160825,POST brute,Intensive tasks 1-136,true,160825
1626355824285,159314,POST brute,Intensive tasks 1-147,true,159314
1626355817625,166531,POST brute,Intensive tasks 1-127,true,166531
1626355820954,164362,POST brute,Intensive tasks 1-137,true,164362
1626355824619,161450,POST brute,Intensive tasks 1-148,true,161450
1626355824952,165216,POST brute,Intensive tasks 1-149,true,165216
1626355825284,166411,POST brute,Intensive tasks 1-150,true,166411
1626355821288,171624,POST brute,Intensive tasks 1-138,true,171624
1626355825617,168847,POST brute,Intensive tasks 1-151,true,168847
1626355821622,173449,POST brute,Intensive tasks 1-139,true,173449
1626355822287,177074,POST brute,Intensive tasks 1-141,true,177074
1626355821955,178691,POST brute,Intensive tasks 1-140,true,178691
1626355829281,173640,POST brute,Intensive tasks 1-162,true,173640
1626355823287,179734,POST brute,Intensive tasks 1-144,true,179734
1626355828948,174155,POST brute,Intensive tasks 1-161,true,174155
1626355822620,181090,POST brute,Intensive tasks 1-142,true,181090
1626355825950,178203,POST brute,Intensive tasks 1-152,true,178203
1626355822953,184713,POST brute,Intensive tasks 1-143,true,184713
1626355829613,178624,POST brute,Intensive tasks 1-163,true,178624
1626355826284,182152,POST brute,Intensive tasks 1-153,true,182151
1626355829946,179753,POST brute,Intensive tasks 1-164,true,179753
1626355830279,183614,POST brute,Intensive tasks 1-165,true,183614
1626355830613,184597,POST brute,Intensive tasks 1-166,true,184597
1626355826618,189477,POST brute,Intensive tasks 1-154,true,189477
1626355826950,190378,POST brute,Intensive tasks 1-155,true,190378
1626355830948,187220,POST brute,Intensive tasks 1-167,true,187220
1626355827615,195248,POST brute,Intensive tasks 1-157,true,195248
1626355827283,196251,POST brute,Intensive tasks 1-156,true,196251
1626355828615,196420,POST brute,Intensive tasks 1-160,true,196420
1626355834608,191042,POST brute,Intensive tasks 1-178,true,191042
1626355834276,191740,POST brute,Intensive tasks 1-177,true,191740
1626355827948,198262,POST brute,Intensive tasks 1-158,true,198262
1626355831279,195838,POST brute,Intensive tasks 1-168,true,195838
1626355828281,201182,POST brute,Intensive tasks 1-159,true,201182
1626355834942,196530,POST brute,Intensive tasks 1-179,true,196530
1626355831615,199941,POST brute,Intensive tasks 1-169,true,199941
1626355835274,197959,POST brute,Intensive tasks 1-180,true,197959
1626355835608,201109,POST brute,Intensive tasks 1-181,true,201109
1626355835954,202925,POST brute,Intensive tasks 1-182,true,202925
1626355831944,207298,POST brute,Intensive tasks 1-170,true,207298
1626355832277,208545,POST brute,Intensive tasks 1-171,true,208545
1626355836274,204802,POST brute,Intensive tasks 1-183,true,204802
1626355832944,213009,POST brute,Intensive tasks 1-173,true,213009
1626355832611,214008,POST brute,Intensive tasks 1-172,true,214008
1626355833942,213672,POST brute,Intensive tasks 1-176,true,213672
1626355833276,215883,POST brute,Intensive tasks 1-174,true,215883
1626355839937,209229,POST brute,Intensive tasks 1-194,true,209229
1626355839615,210290,POST brute,Intensive tasks 1-193,true,210290
1626355836607,213513,POST brute,Intensive tasks 1-184,true,213513
1626355833609,219208,POST brute,Intensive tasks 1-175,true,219208
1626355836939,216685,POST brute,Intensive tasks 1-185,true,216685
1626355840269,215077,POST brute,Intensive tasks 1-195,true,215077
1626355840602,216496,POST brute,Intensive tasks 1-196,true,216496
1626355840934,219534,POST brute,Intensive tasks 1-197,true,219534
1626355841268,219630,POST brute,Intensive tasks 1-198,true,219630
1626355837272,225216,POST brute,Intensive tasks 1-186,true,225216
1626355841601,222502,POST brute,Intensive tasks 1-199,true,222502
1626355837606,226694,POST brute,Intensive tasks 1-187,true,226694
1626355838271,230941,POST brute,Intensive tasks 1-189,true,230941
1626355837939,232001,POST brute,Intensive tasks 1-188,true,232001
1626355839271,231668,POST brute,Intensive tasks 1-192,true,231668
1626355838604,233055,POST brute,Intensive tasks 1-190,true,233055
1626355845266,227036,POST brute,Intensive tasks 1-210,true,227036
1626355844933,227922,POST brute,Intensive tasks 1-209,true,227921
1626355841934,232479,POST brute,Intensive tasks 1-200,true,232479
1626355838938,237614,POST brute,Intensive tasks 1-191,true,237614
1626355842267,234623,POST brute,Intensive tasks 1-201,true,234623
1626355845597,234032,POST brute,Intensive tasks 1-211,true,234032
1626355845930,234427,POST brute,Intensive tasks 1-212,true,234427
1626355846598,236805,POST brute,Intensive tasks 1-214,true,236805
1626355846263,237207,POST brute,Intensive tasks 1-213,true,237207
1626355842600,242403,POST brute,Intensive tasks 1-202,true,242403
1626355846931,239696,POST brute,Intensive tasks 1-215,true,239696
1626355842933,244735,POST brute,Intensive tasks 1-203,true,244735
1626355843599,248559,POST brute,Intensive tasks 1-205,true,248559
1626355843267,249311,POST brute,Intensive tasks 1-204,true,249311
1626355844598,248572,POST brute,Intensive tasks 1-208,true,248572
1626355850591,244462,POST brute,Intensive tasks 1-226,true,244462
1626355843932,251138,POST brute,Intensive tasks 1-206,true,251138
1626355850259,244910,POST brute,Intensive tasks 1-225,true,244910
1626355847285,250874,POST brute,Intensive tasks 1-216,true,250874
1626355847605,252305,POST brute,Intensive tasks 1-217,true,252305
1626355844266,256149,POST brute,Intensive tasks 1-207,true,256148
1626355850924,251906,POST brute,Intensive tasks 1-227,true,251906
1626355851259,251961,POST brute,Intensive tasks 1-228,true,251961
1626355851591,255107,POST brute,Intensive tasks 1-229,true,255107
1626355851924,254789,POST brute,Intensive tasks 1-230,true,254789
1626355847938,260784,POST brute,Intensive tasks 1-218,true,260784
1626355852256,257168,POST brute,Intensive tasks 1-231,true,257168
1626355848263,262906,POST brute,Intensive tasks 1-219,true,262906
1626355848594,266385,POST brute,Intensive tasks 1-220,true,266385
1626355848927,266820,POST brute,Intensive tasks 1-221,true,266820
1626355849927,265915,POST brute,Intensive tasks 1-224,true,265915
1626355849260,268743,POST brute,Intensive tasks 1-222,true,268743
1626355855921,262082,POST brute,Intensive tasks 1-242,true,262082
1626355855587,262940,POST brute,Intensive tasks 1-241,true,262940
1626355852590,268986,POST brute,Intensive tasks 1-232,true,268986
1626355852924,269738,POST brute,Intensive tasks 1-233,true,269738
1626355849594,274051,POST brute,Intensive tasks 1-223,true,274051
1626355856254,269684,POST brute,Intensive tasks 1-243,true,269684
1626355856586,270107,POST brute,Intensive tasks 1-244,true,270107
1626355856920,272892,POST brute,Intensive tasks 1-245,true,272892
1626355857252,273199,POST brute,Intensive tasks 1-246,true,273199
1626355853258,279196,POST brute,Intensive tasks 1-234,true,279196
1626355857589,275899,POST brute,Intensive tasks 1-247,true,275899
1626355853590,279899,POST brute,Intensive tasks 1-235,true,279899
1626355853922,283539,POST brute,Intensive tasks 1-236,true,283539
1626355854256,283767,POST brute,Intensive tasks 1-237,true,283767
1626355855254,283499,POST brute,Intensive tasks 1-240,true,283499
1626355854590,285927,POST brute,Intensive tasks 1-238,true,285927
1626355861249,280122,POST brute,Intensive tasks 1-258,true,280122
1626355860917,280801,POST brute,Intensive tasks 1-257,true,280801
1626355857932,286577,POST brute,Intensive tasks 1-248,true,286577
1626355858251,287830,POST brute,Intensive tasks 1-249,true,287830
1626355854923,292646,POST brute,Intensive tasks 1-239,true,292646
1626355861915,287113,POST brute,Intensive tasks 1-260,true,287113
1626355861581,288419,POST brute,Intensive tasks 1-259,true,288419
1626355862247,290064,POST brute,Intensive tasks 1-261,true,290064
1626355862580,291283,POST brute,Intensive tasks 1-262,true,291283
1626355858584,297146,POST brute,Intensive tasks 1-250,true,297146
1626355862914,293352,POST brute,Intensive tasks 1-263,true,293352
1626355858917,297391,POST brute,Intensive tasks 1-251,true,297391
1626355859584,300853,POST brute,Intensive tasks 1-253,true,300853
1626355859251,302017,POST brute,Intensive tasks 1-252,true,302017
1626355860584,301344,POST brute,Intensive tasks 1-256,true,301344
1626355859916,303774,POST brute,Intensive tasks 1-254,true,303774
1626355866244,298641,POST brute,Intensive tasks 1-273,true,298641
1626355866577,298527,POST brute,Intensive tasks 1-274,true,298527
1626355863247,304111,POST brute,Intensive tasks 1-264,true,304111
1626355863580,304809,POST brute,Intensive tasks 1-265,true,304809
1626355860253,310148,POST brute,Intensive tasks 1-255,true,310148
1626355867242,304785,POST brute,Intensive tasks 1-276,true,304785
1626355866909,306002,POST brute,Intensive tasks 1-275,true,306002
1626355867575,308140,POST brute,Intensive tasks 1-277,true,308140
1626355867908,308419,POST brute,Intensive tasks 1-278,true,308419
1626355863912,314327,POST brute,Intensive tasks 1-266,true,314327
1626355864245,315512,POST brute,Intensive tasks 1-267,true,315512
1626355868242,312194,POST brute,Intensive tasks 1-279,true,312194
1626355864912,317752,POST brute,Intensive tasks 1-269,true,317752
1626355864579,320122,POST brute,Intensive tasks 1-268,true,320122
1626355865910,319318,POST brute,Intensive tasks 1-272,true,319318
1626355865244,321890,POST brute,Intensive tasks 1-270,true,321890
1626355871571,316131,POST brute,Intensive tasks 1-289,true,316131
1626355871904,316324,POST brute,Intensive tasks 1-290,true,316324
1626355868575,320633,POST brute,Intensive tasks 1-280,true,320633
1626355868906,321318,POST brute,Intensive tasks 1-281,true,321318
1626355865577,327326,POST brute,Intensive tasks 1-271,true,327326
1626355872573,321755,POST brute,Intensive tasks 1-292,true,321755
1626355872239,323476,POST brute,Intensive tasks 1-291,true,323476
1626355872904,323544,POST brute,Intensive tasks 1-293,true,323544
1626355873236,324202,POST brute,Intensive tasks 1-294,true,324202
1626355869240,328707,POST brute,Intensive tasks 1-282,true,328707
1626355869580,330457,POST brute,Intensive tasks 1-283,true,330457
1626355873568,326537,POST brute,Intensive tasks 1-295,true,326537
1626355870245,330688,POST brute,Intensive tasks 1-285,true,330688
1626355869919,332442,POST brute,Intensive tasks 1-284,true,332442
1626355871238,331346,POST brute,Intensive tasks 1-288,true,331346
1626355870573,332805,POST brute,Intensive tasks 1-286,true,332805
1626355873902,330517,POST brute,Intensive tasks 1-296,true,330517
1626355874235,330257,POST brute,Intensive tasks 1-297,true,330257
1626355870911,334330,POST brute,Intensive tasks 1-287,true,334330
1626355874569,332229,POST brute,Intensive tasks 1-298,true,332229
1626355874902,332616,POST brute,Intensive tasks 1-299,true,332616
1626355875234,333277,POST brute,Intensive tasks 1-300,true,333277
