timeStamp,elapsed,label,threadName,success,Latency
1626356398681,18805,POST brute,Intensive tasks 1-1,true,18794
1626356398889,21860,POST brute,Intensive tasks 1-2,true,21857
1626356400217,22637,POST brute,Intensive tasks 1-6,true,22633
1626356399220,28156,POST brute,Intensive tasks 1-3,true,28147
1626356399885,41389,POST brute,Intensive tasks 1-5,true,41385
1626356401547,40642,POST brute,Intensive tasks 1-10,true,40636
1626356400882,45474,POST brute,Intensive tasks 1-8,true,45470
1626356402215,45624,POST brute,Intensive tasks 1-12,true,45617
1626356399551,50609,POST brute,Intensive tasks 1-4,true,50606
1626356403213,48105,POST brute,Intensive tasks 1-15,true,48096
1626356400550,51654,POST brute,Intensive tasks 1-7,true,51651
1626356402882,56917,POST brute,Intensive tasks 1-14,true,56903
1626356403546,56559,POST brute,Intensive tasks 1-16,true,56557
1626356402547,57757,POST brute,Intensive tasks 1-13,true,57750
1626356401214,59109,POST brute,Intensive tasks 1-9,true,59090
1626356404211,63629,POST brute,Intensive tasks 1-18,true,63617
1626356401881,67884,POST brute,Intensive tasks 1-11,true,67865
1626356408208,81839,POST brute,Intensive tasks 1-30,true,81765
1626356407875,83895,POST brute,Intensive tasks 1-29,true,83883
1626356403879,88090,POST brute,Intensive tasks 1-17,true,88085
1626356408540,87636,POST brute,Intensive tasks 1-31,true,87633
1626356410539,86632,POST brute,Intensive tasks 1-37,true,86606
1626356407208,91325,POST brute,Intensive tasks 1-27,true,91320
1626356412204,94282,POST brute,Intensive tasks 1-42,true,94278
1626356409539,99560,POST brute,Intensive tasks 1-34,true,99555
1626356415534,103401,POST brute,Intensive tasks 1-52,true,103382
1626356406544,112619,POST brute,Intensive tasks 1-25,true,112615
1626356406877,115929,POST brute,Intensive tasks 1-26,true,115911
1626356405210,118034,POST brute,Intensive tasks 1-21,true,118023
1626356404545,118992,POST brute,Intensive tasks 1-19,true,118991
1626356407545,118375,POST brute,Intensive tasks 1-28,true,118373
1626356412538,115706,POST brute,Intensive tasks 1-43,true,115704
1626356406210,125655,POST brute,Intensive tasks 1-24,true,125652
1626356408873,123596,POST brute,Intensive tasks 1-32,true,123593
1626356411538,124513,POST brute,Intensive tasks 1-40,true,124512
1626356412869,124429,POST brute,Intensive tasks 1-44,true,124410
1626356413536,126272,POST brute,Intensive tasks 1-46,true,126269
1626356418530,122053,POST brute,Intensive tasks 1-61,true,122050
1626356409872,143134,POST brute,Intensive tasks 1-35,true,143131
1626356416866,136759,POST brute,Intensive tasks 1-56,true,136756
1626356409207,144810,POST brute,Intensive tasks 1-33,true,144740
1626356417544,143446,POST brute,Intensive tasks 1-58,true,143443
1626356410872,155343,POST brute,Intensive tasks 1-38,true,155299
1626356414868,152523,POST brute,Intensive tasks 1-50,true,152516
1626356415201,152983,POST brute,Intensive tasks 1-51,true,152978
1626356404891,164275,POST brute,Intensive tasks 1-20,true,164272
1626356414535,156873,POST brute,Intensive tasks 1-49,true,156868
1626356417200,156676,POST brute,Intensive tasks 1-57,true,156662
1626356405877,171909,POST brute,Intensive tasks 1-23,true,171906
1626356410207,169827,POST brute,Intensive tasks 1-36,true,169798
1626356415868,166997,POST brute,Intensive tasks 1-53,true,166991
1626356411871,174492,POST brute,Intensive tasks 1-41,true,174488
1626356405545,181261,POST brute,Intensive tasks 1-22,true,181259
1626356413203,173644,POST brute,Intensive tasks 1-45,true,173642
1626356416200,173067,POST brute,Intensive tasks 1-54,true,173066
1626356423192,172493,POST brute,Intensive tasks 1-75,true,172491
1626356414201,183708,POST brute,Intensive tasks 1-48,true,183706
1626356416533,189745,POST brute,Intensive tasks 1-55,true,189739
1626356411205,196003,POST brute,Intensive tasks 1-39,true,196001
1626356413870,206478,POST brute,Intensive tasks 1-47,true,206476
1626356417865,209097,POST brute,Intensive tasks 1-59,true,209093
1626356463486,180655,POST brute,Intensive tasks 1-196,true,180592
1626356423525,223216,POST brute,Intensive tasks 1-76,true,223214
1626356430851,216330,POST brute,Intensive tasks 1-98,true,216327
1626356427522,227553,POST brute,Intensive tasks 1-88,true,227548
1626356427188,228170,POST brute,Intensive tasks 1-87,true,228161
1626356464498,192412,POST brute,Intensive tasks 1-199,true,192388
1626356421527,237016,POST brute,Intensive tasks 1-70,true,236997
1626356422859,236576,POST brute,Intensive tasks 1-74,true,236564
1626356431185,228926,POST brute,Intensive tasks 1-99,true,228921
1626356419530,244892,POST brute,Intensive tasks 1-64,true,244871
1626356423859,244444,POST brute,Intensive tasks 1-77,true,244441
1626356439177,230086,POST brute,Intensive tasks 1-123,true,230084
1626356451497,218172,POST brute,Intensive tasks 1-160,true,218170
1626356422527,247936,POST brute,Intensive tasks 1-73,true,247917
1626356421194,251584,POST brute,Intensive tasks 1-69,true,251501
1626356420529,253499,POST brute,Intensive tasks 1-67,true,253486
1626356442839,231503,POST brute,Intensive tasks 1-134,true,231501
1626356430518,245510,POST brute,Intensive tasks 1-97,true,245506
1626356442506,235448,POST brute,Intensive tasks 1-133,true,235445
1626356435514,242906,POST brute,Intensive tasks 1-112,true,242903
1626356428188,251684,POST brute,Intensive tasks 1-90,true,251682
1626356426523,254305,POST brute,Intensive tasks 1-85,true,254302
1626356435181,247876,POST brute,Intensive tasks 1-111,true,247875
1626356433184,250567,POST brute,Intensive tasks 1-105,true,250566
1626356450498,234120,POST brute,Intensive tasks 1-157,true,234118
1626356424857,260671,POST brute,Intensive tasks 1-80,true,260667
1626356425524,261769,POST brute,Intensive tasks 1-82,true,261760
1626356434181,253124,POST brute,Intensive tasks 1-108,true,253122
1626356437511,251170,POST brute,Intensive tasks 1-118,true,251163
1626356457824,231058,POST brute,Intensive tasks 1-179,true,230994
1626356443506,245512,POST brute,Intensive tasks 1-136,true,245509
1626356441508,247935,POST brute,Intensive tasks 1-130,true,247932
1626356432517,256985,POST brute,Intensive tasks 1-103,true,256960
1626356425857,267804,POST brute,Intensive tasks 1-83,true,267784
1626356476805,218276,POST brute,Intensive tasks 1-236,true,218265
1626356460155,236098,POST brute,Intensive tasks 1-186,true,236096
1626356436180,260141,POST brute,Intensive tasks 1-114,true,260140
1626356431851,264643,POST brute,Intensive tasks 1-101,true,264635
1626356424192,275650,POST brute,Intensive tasks 1-78,true,275634
1626356453162,247231,POST brute,Intensive tasks 1-165,true,247230
1626356447834,252790,POST brute,Intensive tasks 1-149,true,252786
1626356436846,264619,POST brute,Intensive tasks 1-116,true,264617
1626356429520,272074,POST brute,Intensive tasks 1-94,true,272049
1626356438510,263226,POST brute,Intensive tasks 1-121,true,263225
1626356451830,251193,POST brute,Intensive tasks 1-161,true,251192
1626356453829,249956,POST brute,Intensive tasks 1-167,true,249953
1626356440175,264048,POST brute,Intensive tasks 1-126,true,264009
1626356429853,275596,POST brute,Intensive tasks 1-95,true,275591
1626356424525,281834,POST brute,Intensive tasks 1-79,true,281831
1626356460822,246862,POST brute,Intensive tasks 1-188,true,246838
1626356464817,242867,POST brute,Intensive tasks 1-200,true,242609
1626356455826,252125,POST brute,Intensive tasks 1-173,true,252116
1626356441174,267181,POST brute,Intensive tasks 1-129,true,267178
1626356471478,237436,POST brute,Intensive tasks 1-220,true,237427
1626356418198,291371,POST brute,Intensive tasks 1-60,true,291366
1626356418875,291170,POST brute,Intensive tasks 1-62,true,291168
1626356455161,254913,POST brute,Intensive tasks 1-171,true,254910
1626356449167,261112,POST brute,Intensive tasks 1-153,true,261110
1626356419862,290669,POST brute,Intensive tasks 1-65,true,290668
1626356444504,268104,POST brute,Intensive tasks 1-139,true,268076
1626356448166,264828,POST brute,Intensive tasks 1-150,true,264826
1626356446503,266578,POST brute,Intensive tasks 1-145,true,266576
1626356439510,274219,POST brute,Intensive tasks 1-124,true,274214
1626356458158,255843,POST brute,Intensive tasks 1-180,true,255840
1626356420196,294882,POST brute,Intensive tasks 1-66,true,294878
1626356454162,261065,POST brute,Intensive tasks 1-168,true,261062
1626356440843,274952,POST brute,Intensive tasks 1-128,true,274948
1626356436512,279729,POST brute,Intensive tasks 1-115,true,279726
1626356428521,287890,POST brute,Intensive tasks 1-91,true,287885
1626356466483,251188,POST brute,Intensive tasks 1-205,true,251181
1626356425191,292601,POST brute,Intensive tasks 1-81,true,292597
1626356420862,298197,POST brute,Intensive tasks 1-68,true,298195
1626356448500,271493,POST brute,Intensive tasks 1-151,true,271490
1626356442175,277994,POST brute,Intensive tasks 1-132,true,277991
1626356438844,281389,POST brute,Intensive tasks 1-122,true,281384
1626356430185,290358,POST brute,Intensive tasks 1-96,true,290357
1626356447502,273062,POST brute,Intensive tasks 1-148,true,273060
1626356469146,252090,POST brute,Intensive tasks 1-213,true,252087
1626356443172,278944,POST brute,Intensive tasks 1-135,true,278943
1626356433521,288939,POST brute,Intensive tasks 1-106,true,288937
1626356434515,290195,POST brute,Intensive tasks 1-109,true,290191
1626356463152,263450,POST brute,Intensive tasks 1-195,true,263437
1626356456825,270426,POST brute,Intensive tasks 1-176,true,270423
1626356431518,296512,POST brute,Intensive tasks 1-100,true,296509
1626356475811,252578,POST brute,Intensive tasks 1-233,true,252568
1626356441841,286563,POST brute,Intensive tasks 1-131,true,286561
1626356454494,273970,POST brute,Intensive tasks 1-169,true,273964
1626356445836,284800,POST brute,Intensive tasks 1-143,true,284795
1626356429186,301794,POST brute,Intensive tasks 1-93,true,301788
1626356433848,297593,POST brute,Intensive tasks 1-107,true,297591
1626356427855,304835,POST brute,Intensive tasks 1-89,true,304832
1626356439842,292902,POST brute,Intensive tasks 1-125,true,292900
1626356457493,276382,POST brute,Intensive tasks 1-178,true,276335
1626356462154,272747,POST brute,Intensive tasks 1-192,true,272742
1626356452497,282582,POST brute,Intensive tasks 1-163,true,282580
1626356437179,298596,POST brute,Intensive tasks 1-117,true,298594
1626356459489,276303,POST brute,Intensive tasks 1-184,true,276301
1626356447169,288713,POST brute,Intensive tasks 1-147,true,288710
1626356466151,270014,POST brute,Intensive tasks 1-204,true,270013
1626356466815,269479,POST brute,Intensive tasks 1-206,true,269477
1626356452164,284482,POST brute,Intensive tasks 1-162,true,284474
1626356468480,269446,POST brute,Intensive tasks 1-211,true,269434
1626356426855,311221,POST brute,Intensive tasks 1-86,true,311220
1626356434848,303334,POST brute,Intensive tasks 1-110,true,303320
1626356432184,306238,POST brute,Intensive tasks 1-102,true,306236
1626356426195,312611,POST brute,Intensive tasks 1-84,true,312606
1626356421860,317755,POST brute,Intensive tasks 1-71,true,317753
1626356419197,321582,POST brute,Intensive tasks 1-63,true,321560
1626356446835,294695,POST brute,Intensive tasks 1-146,true,294693
1626356422194,319527,POST brute,Intensive tasks 1-72,true,319525
1626356465151,276944,POST brute,Intensive tasks 1-201,true,276942
1626356456158,286002,POST brute,Intensive tasks 1-174,true,286000
1626356445505,296705,POST brute,Intensive tasks 1-142,true,296692
1626356450165,292205,POST brute,Intensive tasks 1-156,true,292205
1626356450833,291915,POST brute,Intensive tasks 1-158,true,291913
1626356461156,281718,POST brute,Intensive tasks 1-189,true,281716
1626356432850,310159,POST brute,Intensive tasks 1-104,true,310157
1626356435847,307741,POST brute,Intensive tasks 1-113,true,307739
1626356467481,277207,POST brute,Intensive tasks 1-208,true,277198
1626356472476,272256,POST brute,Intensive tasks 1-223,true,272207
1626356474475,270996,POST brute,Intensive tasks 1-229,true,270995
1626356477471,268847,POST brute,Intensive tasks 1-238,true,268844
1626356449832,296700,POST brute,Intensive tasks 1-155,true,296699
1626356469813,278661,POST brute,Intensive tasks 1-215,true,278655
1626356458490,290193,POST brute,Intensive tasks 1-181,true,290190
1626356449500,300203,POST brute,Intensive tasks 1-154,true,300195
1626356444838,305066,POST brute,Intensive tasks 1-140,true,305064
1626356467816,282433,POST brute,Intensive tasks 1-209,true,282431
1626356428853,321909,POST brute,Intensive tasks 1-92,true,321885
1626356451164,300718,POST brute,Intensive tasks 1-159,true,300716
1626356459157,293155,POST brute,Intensive tasks 1-183,true,293152
1626356440509,312827,POST brute,Intensive tasks 1-127,true,312817
1626356455495,299047,POST brute,Intensive tasks 1-172,true,299044
1626356465483,289063,POST brute,Intensive tasks 1-202,true,289060
1626356475483,279292,POST brute,Intensive tasks 1-232,true,279289
1626356472143,282932,POST brute,Intensive tasks 1-222,true,282930
1626356465816,289824,POST brute,Intensive tasks 1-203,true,289822
1626356460489,295857,POST brute,Intensive tasks 1-187,true,295855
1626356446169,310179,POST brute,Intensive tasks 1-144,true,310177
1626356470811,286576,POST brute,Intensive tasks 1-218,true,286574
1626356461487,297501,POST brute,Intensive tasks 1-190,true,297489
1626356468148,291238,POST brute,Intensive tasks 1-210,true,291235
1626356456492,303684,POST brute,Intensive tasks 1-175,true,303658
1626356467148,294323,POST brute,Intensive tasks 1-207,true,294296
1626356473808,287891,POST brute,Intensive tasks 1-227,true,287872
1626356462487,300362,POST brute,Intensive tasks 1-193,true,300354
1626356453496,309364,POST brute,Intensive tasks 1-166,true,309358
1626356457159,306892,POST brute,Intensive tasks 1-177,true,306871
1626356458825,306715,POST brute,Intensive tasks 1-182,true,306714
1626356480801,284953,POST brute,Intensive tasks 1-248,true,284951
1626356474141,291677,POST brute,Intensive tasks 1-228,true,291671
1626356469480,297103,POST brute,Intensive tasks 1-214,true,297101
1626356468813,298214,POST brute,Intensive tasks 1-212,true,298211
1626356470479,296578,POST brute,Intensive tasks 1-217,true,296575
1626356443839,323712,POST brute,Intensive tasks 1-137,true,323709
1626356454827,312841,POST brute,Intensive tasks 1-170,true,312839
1626356438177,329499,POST brute,Intensive tasks 1-120,true,329497
1626356479471,288806,POST brute,Intensive tasks 1-244,true,288773
1626356471144,297456,POST brute,Intensive tasks 1-219,true,297454
1626356470145,300413,POST brute,Intensive tasks 1-216,true,300411
1626356485463,287820,POST brute,Intensive tasks 1-262,true,287818
1626356437844,336040,POST brute,Intensive tasks 1-119,true,336039
1626356472809,302379,POST brute,Intensive tasks 1-224,true,302369
1626356452830,322487,POST brute,Intensive tasks 1-164,true,322485
1626356461820,314328,POST brute,Intensive tasks 1-191,true,314325
1626356483465,293345,POST brute,Intensive tasks 1-256,true,293340
1626356474816,302130,POST brute,Intensive tasks 1-230,true,302126
1626356444171,333877,POST brute,Intensive tasks 1-138,true,333875
1626356477138,301623,POST brute,Intensive tasks 1-237,true,301621
1626356476472,302784,POST brute,Intensive tasks 1-235,true,302782
1626356463818,316316,POST brute,Intensive tasks 1-197,true,316313
1626356445171,335966,POST brute,Intensive tasks 1-141,true,335949
1626356482466,299009,POST brute,Intensive tasks 1-253,true,298985
1626356480469,301324,POST brute,Intensive tasks 1-247,true,301322
1626356482801,300054,POST brute,Intensive tasks 1-254,true,300022
1626356479803,303916,POST brute,Intensive tasks 1-245,true,303892
1626356478470,305391,POST brute,Intensive tasks 1-241,true,305389
1626356479136,304853,POST brute,Intensive tasks 1-243,true,304850
1626356481800,302398,POST brute,Intensive tasks 1-251,true,302396
1626356477805,306541,POST brute,Intensive tasks 1-239,true,306539
1626356485130,299239,POST brute,Intensive tasks 1-261,true,299237
1626356471811,312908,POST brute,Intensive tasks 1-221,true,312907
1626356483133,302025,POST brute,Intensive tasks 1-255,true,302008
1626356464153,321361,POST brute,Intensive tasks 1-198,true,321358
1626356486795,299318,POST brute,Intensive tasks 1-266,true,299316
1626356462820,323368,POST brute,Intensive tasks 1-194,true,323365
1626356478804,307988,POST brute,Intensive tasks 1-242,true,307979
1626356476141,312253,POST brute,Intensive tasks 1-234,true,312241
1626356473476,315528,POST brute,Intensive tasks 1-226,true,315525
1626356481468,307767,POST brute,Intensive tasks 1-250,true,307764
1626356484464,304792,POST brute,Intensive tasks 1-259,true,304786
1626356459822,330600,POST brute,Intensive tasks 1-185,true,330589
1626356448835,342316,POST brute,Intensive tasks 1-152,true,342313
1626356473143,318832,POST brute,Intensive tasks 1-225,true,318830
1626356487128,305203,POST brute,Intensive tasks 1-267,true,305187
1626356475150,317341,POST brute,Intensive tasks 1-231,true,317338
1626356487794,307131,POST brute,Intensive tasks 1-269,true,307103
1626356481135,314405,POST brute,Intensive tasks 1-249,true,314402
1626356478139,318018,POST brute,Intensive tasks 1-240,true,318017
1626356492125,305120,POST brute,Intensive tasks 1-282,true,305118
1626356489127,308176,POST brute,Intensive tasks 1-273,true,308171
1626356482144,316513,POST brute,Intensive tasks 1-252,true,316511
1626356485796,313853,POST brute,Intensive tasks 1-263,true,313850
1626356480135,320052,POST brute,Intensive tasks 1-246,true,320025
1626356484798,316190,POST brute,Intensive tasks 1-260,true,316188
1626356487461,313663,POST brute,Intensive tasks 1-268,true,313660
1626356494790,306338,POST brute,Intensive tasks 1-290,true,306337
1626356488793,312405,POST brute,Intensive tasks 1-272,true,312392
1626356488129,313762,POST brute,Intensive tasks 1-270,true,313760
1626356484132,317937,POST brute,Intensive tasks 1-258,true,317935
1626356496119,305965,POST brute,Intensive tasks 1-294,true,305963
1626356491791,310413,POST brute,Intensive tasks 1-281,true,310410
1626356483798,318656,POST brute,Intensive tasks 1-257,true,318654
1626356486463,316932,POST brute,Intensive tasks 1-265,true,316917
1626356495454,309079,POST brute,Intensive tasks 1-292,true,309077
1626356493123,311456,POST brute,Intensive tasks 1-285,true,311420
1626356490458,314402,POST brute,Intensive tasks 1-277,true,314389
1626356495122,310083,POST brute,Intensive tasks 1-291,true,310081
1626356489459,315855,POST brute,Intensive tasks 1-274,true,315849
1626356496453,309172,POST brute,Intensive tasks 1-295,true,309169
1626356493789,312254,POST brute,Intensive tasks 1-287,true,312251
1626356492789,313512,POST brute,Intensive tasks 1-284,true,313509
1626356492457,313975,POST brute,Intensive tasks 1-283,true,313972
1626356488462,318109,POST brute,Intensive tasks 1-271,true,318106
1626356486131,320476,POST brute,Intensive tasks 1-264,true,320462
1626356495787,310824,POST brute,Intensive tasks 1-293,true,310821
1626356490127,316504,POST brute,Intensive tasks 1-276,true,316489
1626356491458,315409,POST brute,Intensive tasks 1-280,true,315393
1626356489793,317116,POST brute,Intensive tasks 1-275,true,317113
1626356494454,312465,POST brute,Intensive tasks 1-289,true,312463
1626356491125,316149,POST brute,Intensive tasks 1-279,true,316146
1626356490792,316581,POST brute,Intensive tasks 1-278,true,316578
1626356497119,310352,POST brute,Intensive tasks 1-297,true,310349
1626356498117,309443,POST brute,Intensive tasks 1-300,true,309441
1626356496785,310856,POST brute,Intensive tasks 1-296,true,310855
1626356493456,314299,POST brute,Intensive tasks 1-286,true,314298
1626356494121,313792,POST brute,Intensive tasks 1-288,true,313791
1626356497785,310151,POST brute,Intensive tasks 1-299,true,310150
1626356497452,311062,POST brute,Intensive tasks 1-298,true,311061
