timeStamp,elapsed,label,threadName,success,Latency
1626339521832,10348,POST brute,Intensive tasks 1-1,true,10345
1626339522187,9992,POST brute,Intensive tasks 1-2,true,9989
1626339522683,9628,POST brute,Intensive tasks 1-3,true,9628
1626339523180,9544,POST brute,Intensive tasks 1-4,true,9544
1626339523679,13629,POST brute,Intensive tasks 1-5,true,13629
1626339524190,20154,POST brute,Intensive tasks 1-6,true,20154
1626339530682,14190,POST brute,Intensive tasks 1-19,true,14190
1626339530181,15285,POST brute,Intensive tasks 1-18,true,15285
1626339529680,16816,POST brute,Intensive tasks 1-17,true,16816
1626339531180,15730,POST brute,Intensive tasks 1-20,true,15730
1626339524681,23455,POST brute,Intensive tasks 1-7,true,23455
1626339525181,25198,POST brute,Intensive tasks 1-8,true,25198
1626339531681,18847,POST brute,Intensive tasks 1-21,true,18847
1626339525680,29797,POST brute,Intensive tasks 1-9,true,29797
1626339526180,31416,POST brute,Intensive tasks 1-10,true,31416
1626339538680,20656,POST brute,Intensive tasks 1-35,true,20656
1626339532180,27999,POST brute,Intensive tasks 1-22,true,27998
1626339538180,22110,POST brute,Intensive tasks 1-34,true,22110
1626339527180,33399,POST brute,Intensive tasks 1-12,true,33399
1626339526679,34131,POST brute,Intensive tasks 1-11,true,34131
1626339527680,34428,POST brute,Intensive tasks 1-13,true,34428
1626339528182,34839,POST brute,Intensive tasks 1-14,true,34839
1626339539179,23884,POST brute,Intensive tasks 1-36,true,23884
1626339537680,26886,POST brute,Intensive tasks 1-33,true,26886
1626339528683,36456,POST brute,Intensive tasks 1-15,true,36456
1626339532680,34234,POST brute,Intensive tasks 1-23,true,34234
1626339529189,37726,POST brute,Intensive tasks 1-16,true,37726
1626339539679,28494,POST brute,Intensive tasks 1-37,true,28494
1626339533181,36826,POST brute,Intensive tasks 1-24,true,36826
1626339533680,43593,POST brute,Intensive tasks 1-25,true,43593
1626339534180,46843,POST brute,Intensive tasks 1-26,true,46842
1626339546682,34913,POST brute,Intensive tasks 1-51,true,34913
1626339546182,37262,POST brute,Intensive tasks 1-50,true,37262
1626339534680,48957,POST brute,Intensive tasks 1-27,true,48957
1626339540180,43707,POST brute,Intensive tasks 1-38,true,43707
1626339535180,49091,POST brute,Intensive tasks 1-28,true,49091
1626339547180,38409,POST brute,Intensive tasks 1-52,true,38409
1626339535680,50177,POST brute,Intensive tasks 1-29,true,50177
1626339536180,50781,POST brute,Intensive tasks 1-30,true,50780
1626339536679,50827,POST brute,Intensive tasks 1-31,true,50827
1626339545681,42683,POST brute,Intensive tasks 1-49,true,42683
1626339547680,41381,POST brute,Intensive tasks 1-53,true,41381
1626339537180,53275,POST brute,Intensive tasks 1-32,true,53275
1626339540679,49861,POST brute,Intensive tasks 1-39,true,49861
1626339541180,51995,POST brute,Intensive tasks 1-40,true,51995
1626339541680,58838,POST brute,Intensive tasks 1-41,true,58838
1626339542181,61853,POST brute,Intensive tasks 1-42,true,61853
1626339554680,50153,POST brute,Intensive tasks 1-67,true,50153
1626339543182,63485,POST brute,Intensive tasks 1-44,true,63485
1626339554180,52857,POST brute,Intensive tasks 1-66,true,52857
1626339542681,64416,POST brute,Intensive tasks 1-43,true,64416
1626339548182,59116,POST brute,Intensive tasks 1-54,true,59116
1626339555179,53977,POST brute,Intensive tasks 1-68,true,53977
1626339543680,65916,POST brute,Intensive tasks 1-45,true,65916
1626339544180,65845,POST brute,Intensive tasks 1-46,true,65845
1626339555680,54497,POST brute,Intensive tasks 1-69,true,54497
1626339544681,66523,POST brute,Intensive tasks 1-47,true,66523
1626339553680,58662,POST brute,Intensive tasks 1-65,true,58662
1626339548682,65300,POST brute,Intensive tasks 1-55,true,65300
1626339545181,68928,POST brute,Intensive tasks 1-48,true,68928
1626339549180,66727,POST brute,Intensive tasks 1-56,true,66727
1626339549680,73659,POST brute,Intensive tasks 1-57,true,73659
1626339550179,76835,POST brute,Intensive tasks 1-58,true,76835
1626339562679,65447,POST brute,Intensive tasks 1-83,true,65447
1626339551180,78769,POST brute,Intensive tasks 1-60,true,78769
1626339562180,67829,POST brute,Intensive tasks 1-82,true,67829
1626339550681,79453,POST brute,Intensive tasks 1-59,true,79452
1626339556181,74088,POST brute,Intensive tasks 1-70,true,74088
1626339563682,67608,POST brute,Intensive tasks 1-85,true,67608
1626339551680,80586,POST brute,Intensive tasks 1-61,true,80586
1626339563181,69208,POST brute,Intensive tasks 1-84,true,69208
1626339552179,80762,POST brute,Intensive tasks 1-62,true,80762
1626339552681,82034,POST brute,Intensive tasks 1-63,true,82033
1626339561680,73565,POST brute,Intensive tasks 1-81,true,73564
1626339556681,80615,POST brute,Intensive tasks 1-71,true,80615
1626339553179,84328,POST brute,Intensive tasks 1-64,true,84328
1626339557180,82996,POST brute,Intensive tasks 1-72,true,82996
1626339557680,88582,POST brute,Intensive tasks 1-73,true,88582
1626339558180,92792,POST brute,Intensive tasks 1-74,true,92792
1626339570680,80961,POST brute,Intensive tasks 1-99,true,80961
1626339571681,80362,POST brute,Intensive tasks 1-101,true,80362
1626339558680,93643,POST brute,Intensive tasks 1-75,true,93643
1626339570180,82231,POST brute,Intensive tasks 1-98,true,82231
1626339559179,94594,POST brute,Intensive tasks 1-76,true,94594
1626339564180,89666,POST brute,Intensive tasks 1-86,true,89666
1626339571180,84144,POST brute,Intensive tasks 1-100,true,84144
1626339559679,96057,POST brute,Intensive tasks 1-77,true,96057
1626339560180,95641,POST brute,Intensive tasks 1-78,true,95641
1626339569679,88333,POST brute,Intensive tasks 1-97,true,88333
1626339560681,97664,POST brute,Intensive tasks 1-79,true,97664
1626339564681,95754,POST brute,Intensive tasks 1-87,true,95754
1626339561179,99424,POST brute,Intensive tasks 1-80,true,99424
1626339565181,98073,POST brute,Intensive tasks 1-88,true,98073
1626339565680,103310,POST brute,Intensive tasks 1-89,true,103310
1626339579681,94249,POST brute,Intensive tasks 1-117,true,94249
1626339578679,95906,POST brute,Intensive tasks 1-115,true,95906
1626339566180,108425,POST brute,Intensive tasks 1-90,true,108425
1626339566680,108382,POST brute,Intensive tasks 1-91,true,108382
1626339578181,97549,POST brute,Intensive tasks 1-114,true,97549
1626339572179,105142,POST brute,Intensive tasks 1-102,true,105142
1626339567179,110321,POST brute,Intensive tasks 1-92,true,110321
1626339567679,110315,POST brute,Intensive tasks 1-93,true,110315
1626339579180,98912,POST brute,Intensive tasks 1-116,true,98912
1626339568180,110077,POST brute,Intensive tasks 1-94,true,110077
1626339577680,103738,POST brute,Intensive tasks 1-113,true,103738
1626339568680,113637,POST brute,Intensive tasks 1-95,true,113637
1626339569180,113336,POST brute,Intensive tasks 1-96,true,113336
1626339572681,110615,POST brute,Intensive tasks 1-103,true,110615
1626339573180,111886,POST brute,Intensive tasks 1-104,true,111886
1626339573681,118236,POST brute,Intensive tasks 1-105,true,118236
1626339587679,107546,POST brute,Intensive tasks 1-133,true,107546
1626339574180,123331,POST brute,Intensive tasks 1-106,true,123331
1626339574679,122908,POST brute,Intensive tasks 1-107,true,122908
1626339586680,111806,POST brute,Intensive tasks 1-131,true,111806
1626339586179,112937,POST brute,Intensive tasks 1-130,true,112937
1626339580181,119910,POST brute,Intensive tasks 1-118,true,119910
1626339575179,125159,POST brute,Intensive tasks 1-108,true,125159
1626339587180,113275,POST brute,Intensive tasks 1-132,true,113275
1626339576180,124938,POST brute,Intensive tasks 1-110,true,124938
1626339575681,125564,POST brute,Intensive tasks 1-109,true,125564
1626339585680,119468,POST brute,Intensive tasks 1-129,true,119468
1626339576681,128735,POST brute,Intensive tasks 1-111,true,128735
1626339577181,128803,POST brute,Intensive tasks 1-112,true,128803
1626339580679,125964,POST brute,Intensive tasks 1-119,true,125964
1626339581190,126559,POST brute,Intensive tasks 1-120,true,126559
1626339581689,133122,POST brute,Intensive tasks 1-121,true,133122
1626339595680,120973,POST brute,Intensive tasks 1-149,true,120973
1626339582680,137253,POST brute,Intensive tasks 1-123,true,137253
1626339582180,138878,POST brute,Intensive tasks 1-122,true,138878
1626339594181,127744,POST brute,Intensive tasks 1-146,true,127744
1626339594681,127610,POST brute,Intensive tasks 1-147,true,127610
1626339588181,134554,POST brute,Intensive tasks 1-134,true,134554
1626339584182,138835,POST brute,Intensive tasks 1-126,true,138835
1626339595186,128152,POST brute,Intensive tasks 1-148,true,128152
1626339583181,140809,POST brute,Intensive tasks 1-124,true,140809
1626339583680,141770,POST brute,Intensive tasks 1-125,true,141770
1626339593679,134211,POST brute,Intensive tasks 1-145,true,134211
1626339585181,143359,POST brute,Intensive tasks 1-128,true,143359
1626339584680,143937,POST brute,Intensive tasks 1-127,true,143937
1626339588680,141499,POST brute,Intensive tasks 1-135,true,141499
1626339589180,141497,POST brute,Intensive tasks 1-136,true,141497
1626339603681,133924,POST brute,Intensive tasks 1-165,true,133924
1626339589683,148347,POST brute,Intensive tasks 1-137,true,148347
1626339590680,152141,POST brute,Intensive tasks 1-139,true,152141
1626339590181,153460,POST brute,Intensive tasks 1-138,true,153460
1626339602681,141636,POST brute,Intensive tasks 1-163,true,141636
1626339602181,143247,POST brute,Intensive tasks 1-162,true,143247
1626339592180,153990,POST brute,Intensive tasks 1-142,true,153989
1626339603189,143000,POST brute,Intensive tasks 1-164,true,143000
1626339591180,155264,POST brute,Intensive tasks 1-140,true,155264
1626339596180,150552,POST brute,Intensive tasks 1-150,true,150552
1626339591681,156515,POST brute,Intensive tasks 1-141,true,156515
1626339601680,149481,POST brute,Intensive tasks 1-161,true,149481
1626339593181,158301,POST brute,Intensive tasks 1-144,true,158301
1626339592680,159274,POST brute,Intensive tasks 1-143,true,159273
1626339597181,156433,POST brute,Intensive tasks 1-152,true,156432
1626339596680,157478,POST brute,Intensive tasks 1-151,true,157478
1626339611681,148190,POST brute,Intensive tasks 1-181,true,148190
1626339597680,163524,POST brute,Intensive tasks 1-153,true,163524
1626339598680,167434,POST brute,Intensive tasks 1-155,true,167434
1626339598182,168081,POST brute,Intensive tasks 1-154,true,168081
1626339610680,157345,POST brute,Intensive tasks 1-179,true,157345
1626339599182,169468,POST brute,Intensive tasks 1-156,true,169468
1626339611181,157727,POST brute,Intensive tasks 1-180,true,157727
1626339610180,158849,POST brute,Intensive tasks 1-178,true,158849
1626339600181,169188,POST brute,Intensive tasks 1-158,true,169188
1626339599681,170751,POST brute,Intensive tasks 1-157,true,170751
1626339604179,166566,POST brute,Intensive tasks 1-166,true,166566
1626339609680,164171,POST brute,Intensive tasks 1-177,true,164171
1626339601181,173090,POST brute,Intensive tasks 1-160,true,173090
1626339600680,174639,POST brute,Intensive tasks 1-159,true,174639
1626339605181,170818,POST brute,Intensive tasks 1-168,true,170818
1626339604680,172224,POST brute,Intensive tasks 1-167,true,172224
1626339619680,160871,POST brute,Intensive tasks 1-197,true,160871
1626339605681,178468,POST brute,Intensive tasks 1-169,true,178468
1626339606180,181985,POST brute,Intensive tasks 1-170,true,181985
1626339606679,181611,POST brute,Intensive tasks 1-171,true,181611
1626339618679,171937,POST brute,Intensive tasks 1-195,true,171937
1626339608180,182865,POST brute,Intensive tasks 1-174,true,182865
1626339607180,184059,POST brute,Intensive tasks 1-172,true,184059
1626339619179,172086,POST brute,Intensive tasks 1-196,true,172086
1626339618179,173462,POST brute,Intensive tasks 1-194,true,173462
1626339607680,184774,POST brute,Intensive tasks 1-173,true,184774
1626339612183,180271,POST brute,Intensive tasks 1-182,true,180271
1626339617680,177081,POST brute,Intensive tasks 1-193,true,177081
1626339608681,186583,POST brute,Intensive tasks 1-175,true,186583
1626339609179,186106,POST brute,Intensive tasks 1-176,true,186106
1626339613180,183113,POST brute,Intensive tasks 1-184,true,183113
1626339612680,183921,POST brute,Intensive tasks 1-183,true,183921
1626339613680,188395,POST brute,Intensive tasks 1-185,true,188395
1626339614178,190435,POST brute,Intensive tasks 1-186,true,190435
1626339614681,190159,POST brute,Intensive tasks 1-187,true,190159
1626339616180,189648,POST brute,Intensive tasks 1-190,true,189648
1626339615178,191267,POST brute,Intensive tasks 1-188,true,191267
1626339615680,191166,POST brute,Intensive tasks 1-189,true,191166
1626339620179,186699,POST brute,Intensive tasks 1-198,true,186699
1626339616680,191244,POST brute,Intensive tasks 1-191,true,191244
1626339617180,190772,POST brute,Intensive tasks 1-192,true,190772
1626339621181,186854,POST brute,Intensive tasks 1-200,true,186854
1626339620679,187666,POST brute,Intensive tasks 1-199,true,187666
