timeStamp,elapsed,label,threadName,success,Latency
1626340685353,11336,POST brute,Intensive tasks 1-1,true,11334
1626340685738,10952,POST brute,Intensive tasks 1-2,true,10951
1626340686235,10617,POST brute,Intensive tasks 1-3,true,10617
1626340686735,11209,POST brute,Intensive tasks 1-4,true,11209
1626340687234,11768,POST brute,Intensive tasks 1-5,true,11768
1626340687735,13247,POST brute,Intensive tasks 1-6,true,13247
1626340688235,14046,POST brute,Intensive tasks 1-7,true,14046
1626340688737,14221,POST brute,Intensive tasks 1-8,true,14221
1626340689734,14643,POST brute,Intensive tasks 1-10,true,14643
1626340689234,15661,POST brute,Intensive tasks 1-9,true,15661
1626340690235,15253,POST brute,Intensive tasks 1-11,true,15253
1626340690734,15441,POST brute,Intensive tasks 1-12,true,15441
1626340691233,16073,POST brute,Intensive tasks 1-13,true,16073
1626340692233,15216,POST brute,Intensive tasks 1-15,true,15216
1626340691737,15797,POST brute,Intensive tasks 1-14,true,15797
1626340692734,16133,POST brute,Intensive tasks 1-16,true,16133
1626340694233,25800,POST brute,Intensive tasks 1-19,true,25800
1626340693733,27024,POST brute,Intensive tasks 1-18,true,27024
1626340693234,27924,POST brute,Intensive tasks 1-17,true,27924
1626340694734,27133,POST brute,Intensive tasks 1-20,true,27133
1626340695234,27726,POST brute,Intensive tasks 1-21,true,27726
1626340695734,28674,POST brute,Intensive tasks 1-22,true,28674
1626340696233,29736,POST brute,Intensive tasks 1-23,true,29736
1626340696734,30212,POST brute,Intensive tasks 1-24,true,30212
1626340697734,30152,POST brute,Intensive tasks 1-26,true,30152
1626340698734,30083,POST brute,Intensive tasks 1-28,true,30083
1626340697233,32028,POST brute,Intensive tasks 1-25,true,32028
1626340699733,30475,POST brute,Intensive tasks 1-30,true,30475
1626340698233,32001,POST brute,Intensive tasks 1-27,true,32001
1626340699233,31920,POST brute,Intensive tasks 1-29,true,31920
1626340700235,31145,POST brute,Intensive tasks 1-31,true,31145
1626340700734,31859,POST brute,Intensive tasks 1-32,true,31858
1626340702233,41441,POST brute,Intensive tasks 1-35,true,41441
1626340701733,42972,POST brute,Intensive tasks 1-34,true,42972
1626340701234,43919,POST brute,Intensive tasks 1-33,true,43919
1626340702734,43252,POST brute,Intensive tasks 1-36,true,43252
1626340703234,43388,POST brute,Intensive tasks 1-37,true,43388
1626340703733,43992,POST brute,Intensive tasks 1-38,true,43992
1626340704233,45535,POST brute,Intensive tasks 1-39,true,45535
1626340704735,45244,POST brute,Intensive tasks 1-40,true,45244
1626340706734,45159,POST brute,Intensive tasks 1-44,true,45159
1626340705734,46518,POST brute,Intensive tasks 1-42,true,46518
1626340705235,47728,POST brute,Intensive tasks 1-41,true,47728
1626340708233,45603,POST brute,Intensive tasks 1-47,true,45603
1626340707235,46749,POST brute,Intensive tasks 1-45,true,46749
1626340707735,46477,POST brute,Intensive tasks 1-46,true,46477
1626340706234,47989,POST brute,Intensive tasks 1-43,true,47989
1626340708733,47675,POST brute,Intensive tasks 1-48,true,47675
1626340710234,57602,POST brute,Intensive tasks 1-51,true,57602
1626340709734,58267,POST brute,Intensive tasks 1-50,true,58267
1626340709233,58802,POST brute,Intensive tasks 1-49,true,58802
1626340710748,58152,POST brute,Intensive tasks 1-52,true,58152
1626340711733,59166,POST brute,Intensive tasks 1-54,true,59166
1626340711244,59674,POST brute,Intensive tasks 1-53,true,59674
1626340712734,60374,POST brute,Intensive tasks 1-56,true,60374
1626340712233,61441,POST brute,Intensive tasks 1-55,true,61441
1626340713733,60948,POST brute,Intensive tasks 1-58,true,60948
1626340714233,61926,POST brute,Intensive tasks 1-59,true,61926
1626340714733,61479,POST brute,Intensive tasks 1-60,true,61479
1626340713235,63364,POST brute,Intensive tasks 1-57,true,63364
1626340715234,62206,POST brute,Intensive tasks 1-61,true,62206
1626340716233,61411,POST brute,Intensive tasks 1-63,true,61411
1626340715734,61949,POST brute,Intensive tasks 1-62,true,61949
1626340716733,63390,POST brute,Intensive tasks 1-64,true,63390
1626340718233,72316,POST brute,Intensive tasks 1-67,true,72316
1626340717745,73265,POST brute,Intensive tasks 1-66,true,73265
1626340718733,73145,POST brute,Intensive tasks 1-68,true,73145
1626340717233,74902,POST brute,Intensive tasks 1-65,true,74902
1626340719233,74773,POST brute,Intensive tasks 1-69,true,74773
1626340719733,74967,POST brute,Intensive tasks 1-70,true,74967
1626340720734,75298,POST brute,Intensive tasks 1-72,true,75298
1626340720234,76800,POST brute,Intensive tasks 1-71,true,76800
1626340721734,76672,POST brute,Intensive tasks 1-74,true,76672
1626340721233,78107,POST brute,Intensive tasks 1-73,true,78107
1626340722234,77151,POST brute,Intensive tasks 1-75,true,77151
1626340722734,76882,POST brute,Intensive tasks 1-76,true,76882
1626340723734,76849,POST brute,Intensive tasks 1-78,true,76848
1626340723234,77934,POST brute,Intensive tasks 1-77,true,77934
1626340724234,77020,POST brute,Intensive tasks 1-79,true,77020
1626340724734,79336,POST brute,Intensive tasks 1-80,true,79336
1626340725733,87918,POST brute,Intensive tasks 1-82,true,87918
1626340726233,87461,POST brute,Intensive tasks 1-83,true,87461
1626340725234,89509,POST brute,Intensive tasks 1-81,true,89509
1626340726736,88309,POST brute,Intensive tasks 1-84,true,88309
1626340727237,89379,POST brute,Intensive tasks 1-85,true,89379
1626340727733,89432,POST brute,Intensive tasks 1-86,true,89432
1626340728234,90566,POST brute,Intensive tasks 1-87,true,90566
1626340728734,91039,POST brute,Intensive tasks 1-88,true,91039
1626340729733,92342,POST brute,Intensive tasks 1-90,true,92342
1626340730233,92268,POST brute,Intensive tasks 1-91,true,92268
1626340729234,93380,POST brute,Intensive tasks 1-89,true,93380
1626340730733,92384,POST brute,Intensive tasks 1-92,true,92384
1626340731734,92148,POST brute,Intensive tasks 1-94,true,92148
1626340732238,91697,POST brute,Intensive tasks 1-95,true,91697
1626340731233,93189,POST brute,Intensive tasks 1-93,true,93189
1626340732733,94954,POST brute,Intensive tasks 1-96,true,94954
1626340733734,101867,POST brute,Intensive tasks 1-98,true,101867
1626340734234,101792,POST brute,Intensive tasks 1-99,true,101792
1626340733233,104450,POST brute,Intensive tasks 1-97,true,104450
1626340734733,103033,POST brute,Intensive tasks 1-100,true,103033
1626340735233,103932,POST brute,Intensive tasks 1-101,true,103932
1626340735733,103919,POST brute,Intensive tasks 1-102,true,103919
1626340736240,105314,POST brute,Intensive tasks 1-103,true,105314
1626340736734,105935,POST brute,Intensive tasks 1-104,true,105935
1626340737734,107523,POST brute,Intensive tasks 1-106,true,107523
1626340738234,107196,POST brute,Intensive tasks 1-107,true,107196
1626340738734,106704,POST brute,Intensive tasks 1-108,true,106704
1626340737234,108703,POST brute,Intensive tasks 1-105,true,108703
1626340740233,106225,POST brute,Intensive tasks 1-111,true,106225
1626340739734,106950,POST brute,Intensive tasks 1-110,true,106950
1626340739234,108486,POST brute,Intensive tasks 1-109,true,108486
1626340740734,109322,POST brute,Intensive tasks 1-112,true,109322
1626340742239,115780,POST brute,Intensive tasks 1-115,true,115780
1626340741733,116999,POST brute,Intensive tasks 1-114,true,116999
1626340742734,117755,POST brute,Intensive tasks 1-116,true,117755
1626340741234,119595,POST brute,Intensive tasks 1-113,true,119595
1626340743733,118827,POST brute,Intensive tasks 1-118,true,118827
1626340743234,120090,POST brute,Intensive tasks 1-117,true,120090
1626340744233,120126,POST brute,Intensive tasks 1-119,true,120126
1626340744734,120943,POST brute,Intensive tasks 1-120,true,120943
1626340746748,120788,POST brute,Intensive tasks 1-124,true,120788
1626340746233,121826,POST brute,Intensive tasks 1-123,true,121826
1626340745734,123027,POST brute,Intensive tasks 1-122,true,123027
1626340748238,120618,POST brute,Intensive tasks 1-127,true,120618
1626340745234,123874,POST brute,Intensive tasks 1-121,true,123874
1626340747748,121475,POST brute,Intensive tasks 1-126,true,121475
1626340747248,123005,POST brute,Intensive tasks 1-125,true,123005
1626340748733,124365,POST brute,Intensive tasks 1-128,true,124365
1626340750233,130173,POST brute,Intensive tasks 1-131,true,130173
1626340749735,131278,POST brute,Intensive tasks 1-130,true,131278
1626340750734,132719,POST brute,Intensive tasks 1-132,true,132719
1626340749234,134479,POST brute,Intensive tasks 1-129,true,134479
1626340751233,134297,POST brute,Intensive tasks 1-133,true,134297
1626340751742,133963,POST brute,Intensive tasks 1-134,true,133963
1626340752237,135672,POST brute,Intensive tasks 1-135,true,135672
1626340752733,135778,POST brute,Intensive tasks 1-136,true,135778
1626340754734,135138,POST brute,Intensive tasks 1-140,true,135138
1626340753734,136747,POST brute,Intensive tasks 1-138,true,136747
1626340754235,136834,POST brute,Intensive tasks 1-139,true,136834
1626340753233,139039,POST brute,Intensive tasks 1-137,true,139039
1626340756247,136026,POST brute,Intensive tasks 1-143,true,136026
1626340755745,136884,POST brute,Intensive tasks 1-142,true,136884
1626340755233,138404,POST brute,Intensive tasks 1-141,true,138404
1626340756733,139038,POST brute,Intensive tasks 1-144,true,139038
1626340757741,145589,POST brute,Intensive tasks 1-146,true,145589
1626340758232,145126,POST brute,Intensive tasks 1-147,true,145126
1626340758737,147118,POST brute,Intensive tasks 1-148,true,147118
1626340757235,149127,POST brute,Intensive tasks 1-145,true,149127
1626340759236,149134,POST brute,Intensive tasks 1-149,true,149134
1626340759735,148874,POST brute,Intensive tasks 1-150,true,148874
1626340760234,150100,POST brute,Intensive tasks 1-151,true,150100
1626340760733,150209,POST brute,Intensive tasks 1-152,true,150209
1626340761733,151588,POST brute,Intensive tasks 1-154,true,151588
1626340762734,150904,POST brute,Intensive tasks 1-156,true,150904
1626340762234,151836,POST brute,Intensive tasks 1-155,true,151836
1626340761233,153417,POST brute,Intensive tasks 1-153,true,153417
1626340764233,150906,POST brute,Intensive tasks 1-159,true,150906
1626340763733,151775,POST brute,Intensive tasks 1-158,true,151775
1626340763233,153495,POST brute,Intensive tasks 1-157,true,153495
1626340764733,153306,POST brute,Intensive tasks 1-160,true,153306
1626340766233,159752,POST brute,Intensive tasks 1-163,true,159752
1626340765734,160385,POST brute,Intensive tasks 1-162,true,160385
1626340766733,162227,POST brute,Intensive tasks 1-164,true,162227
1626340765235,163997,POST brute,Intensive tasks 1-161,true,163997
1626340767734,163899,POST brute,Intensive tasks 1-166,true,163899
1626340767234,164430,POST brute,Intensive tasks 1-165,true,164430
1626340768233,164237,POST brute,Intensive tasks 1-167,true,164237
1626340768734,165423,POST brute,Intensive tasks 1-168,true,165423
1626340769734,166012,POST brute,Intensive tasks 1-170,true,166012
1626340770235,165988,POST brute,Intensive tasks 1-171,true,165988
1626340770733,166034,POST brute,Intensive tasks 1-172,true,166034
1626340772233,165152,POST brute,Intensive tasks 1-175,true,165152
1626340771733,166317,POST brute,Intensive tasks 1-174,true,166317
1626340769233,169223,POST brute,Intensive tasks 1-169,true,169223
1626340771233,168248,POST brute,Intensive tasks 1-173,true,168248
1626340772734,168586,POST brute,Intensive tasks 1-176,true,168586
1626340773734,174703,POST brute,Intensive tasks 1-178,true,174703
1626340774233,174260,POST brute,Intensive tasks 1-179,true,174260
1626340774733,176571,POST brute,Intensive tasks 1-180,true,176570
1626340773234,180075,POST brute,Intensive tasks 1-177,true,180075
1626340775235,178717,POST brute,Intensive tasks 1-181,true,178717
1626340775735,178854,POST brute,Intensive tasks 1-182,true,178854
1626340776233,179059,POST brute,Intensive tasks 1-183,true,179059
1626340776733,180242,POST brute,Intensive tasks 1-184,true,180242
1626340777733,180765,POST brute,Intensive tasks 1-186,true,180765
1626340778234,180845,POST brute,Intensive tasks 1-187,true,180845
1626340778734,181166,POST brute,Intensive tasks 1-188,true,181166
1626340780241,179717,POST brute,Intensive tasks 1-191,true,179717
1626340779740,180489,POST brute,Intensive tasks 1-190,true,180489
1626340777233,183640,POST brute,Intensive tasks 1-185,true,183640
1626340779233,182172,POST brute,Intensive tasks 1-189,true,182172
1626340780734,181387,POST brute,Intensive tasks 1-192,true,181387
1626340782234,183453,POST brute,Intensive tasks 1-195,true,183453
1626340781734,184025,POST brute,Intensive tasks 1-194,true,184025
1626340782733,183900,POST brute,Intensive tasks 1-196,true,183900
1626340781233,186232,POST brute,Intensive tasks 1-193,true,186232
1626340783233,184318,POST brute,Intensive tasks 1-197,true,184318
1626340783733,183986,POST brute,Intensive tasks 1-198,true,183986
1626340784234,183662,POST brute,Intensive tasks 1-199,true,183662
1626340784735,183444,POST brute,Intensive tasks 1-200,true,183444
