timeStamp,elapsed,label,threadName,success,Latency
1626346275332,9886,POST brute,Intensive tasks 1-1,true,9873
1626346275712,9925,POST brute,Intensive tasks 1-2,true,9925
1626346276210,11487,POST brute,Intensive tasks 1-3,true,11486
1626346276708,12600,POST brute,Intensive tasks 1-4,true,12587
1626346277209,13014,POST brute,Intensive tasks 1-5,true,13010
1626346277711,16123,POST brute,Intensive tasks 1-6,true,16123
1626346278210,19458,POST brute,Intensive tasks 1-7,true,19457
1626346278707,21722,POST brute,Intensive tasks 1-8,true,21717
1626346279208,23168,POST brute,Intensive tasks 1-9,true,23165
1626346280207,23571,POST brute,Intensive tasks 1-11,true,23570
1626346279708,26354,POST brute,Intensive tasks 1-10,true,26352
1626346281709,29863,POST brute,Intensive tasks 1-14,true,29862
1626346281208,31413,POST brute,Intensive tasks 1-13,true,31411
1626346280707,33480,POST brute,Intensive tasks 1-12,true,33478
1626346282208,32625,POST brute,Intensive tasks 1-15,true,32624
1626346283208,36939,POST brute,Intensive tasks 1-17,true,36935
1626346285209,37460,POST brute,Intensive tasks 1-21,true,37460
1626346284708,38124,POST brute,Intensive tasks 1-20,true,38117
1626346284207,39926,POST brute,Intensive tasks 1-19,true,39926
1626346282708,44992,POST brute,Intensive tasks 1-16,true,44986
1626346283707,45235,POST brute,Intensive tasks 1-18,true,45234
1626346289209,78268,POST brute,Intensive tasks 1-29,true,78266
1626346287708,87923,POST brute,Intensive tasks 1-26,true,87921
1626346285708,90442,POST brute,Intensive tasks 1-22,true,90441
1626346292709,84232,POST brute,Intensive tasks 1-36,true,84231
1626346286208,105978,POST brute,Intensive tasks 1-23,true,105977
1626346290709,105724,POST brute,Intensive tasks 1-32,true,105724
1626346297208,101873,POST brute,Intensive tasks 1-45,true,101871
1626346297707,102433,POST brute,Intensive tasks 1-46,true,102433
1626346290207,110860,POST brute,Intensive tasks 1-31,true,110859
1626346288208,118566,POST brute,Intensive tasks 1-27,true,118565
1626346288709,128384,POST brute,Intensive tasks 1-28,true,128371
1626346289708,135235,POST brute,Intensive tasks 1-30,true,135228
1626346296709,134942,POST brute,Intensive tasks 1-44,true,134941
1626346296207,136222,POST brute,Intensive tasks 1-43,true,136222
1626346303709,133802,POST brute,Intensive tasks 1-58,true,133800
1626346300716,140358,POST brute,Intensive tasks 1-52,true,140358
1626346292209,151853,POST brute,Intensive tasks 1-35,true,151851
1626346310212,136787,POST brute,Intensive tasks 1-71,true,136786
1626346295707,154812,POST brute,Intensive tasks 1-42,true,154810
1626346294709,156468,POST brute,Intensive tasks 1-40,true,156468
1626346291209,161678,POST brute,Intensive tasks 1-33,true,161676
1626346301718,151902,POST brute,Intensive tasks 1-54,true,151900
1626346295209,162636,POST brute,Intensive tasks 1-41,true,162632
1626346293208,167066,POST brute,Intensive tasks 1-37,true,167063
1626346286709,175052,POST brute,Intensive tasks 1-24,true,175051
1626346308208,156614,POST brute,Intensive tasks 1-67,true,156613
1626346298207,168479,POST brute,Intensive tasks 1-47,true,168478
1626346336207,134608,POST brute,Intensive tasks 1-123,true,134606
1626346304719,166566,POST brute,Intensive tasks 1-60,true,166566
1626346294208,178321,POST brute,Intensive tasks 1-39,true,178313
1626346305208,170212,POST brute,Intensive tasks 1-61,true,170208
1626346287208,188892,POST brute,Intensive tasks 1-25,true,188890
1626346306208,171663,POST brute,Intensive tasks 1-63,true,171662
1626346301208,176776,POST brute,Intensive tasks 1-53,true,176761
1626346304209,174936,POST brute,Intensive tasks 1-59,true,174935
1626346307208,173752,POST brute,Intensive tasks 1-65,true,173751
1626346299707,183272,POST brute,Intensive tasks 1-50,true,183270
1626346300207,183496,POST brute,Intensive tasks 1-51,true,183495
1626346298708,185527,POST brute,Intensive tasks 1-48,true,185526
1626346291715,195593,POST brute,Intensive tasks 1-34,true,195591
1626346323708,164488,POST brute,Intensive tasks 1-98,true,164488
1626346310708,177789,POST brute,Intensive tasks 1-72,true,177788
1626346323209,166821,POST brute,Intensive tasks 1-97,true,166815
1626346299208,191586,POST brute,Intensive tasks 1-49,true,191584
1626346355707,135424,POST brute,Intensive tasks 1-162,true,135406
1626346302207,189454,POST brute,Intensive tasks 1-55,true,189444
1626346334207,157663,POST brute,Intensive tasks 1-119,true,157661
1626346309207,183041,POST brute,Intensive tasks 1-69,true,183039
1626346302707,191691,POST brute,Intensive tasks 1-56,true,191689
1626346306708,189498,POST brute,Intensive tasks 1-64,true,189496
1626346305707,197312,POST brute,Intensive tasks 1-62,true,197311
1626346308708,194458,POST brute,Intensive tasks 1-68,true,194457
1626346313208,191250,POST brute,Intensive tasks 1-77,true,191249
1626346307707,196757,POST brute,Intensive tasks 1-66,true,196757
1626346329214,177194,POST brute,Intensive tasks 1-109,true,177194
1626346326707,180382,POST brute,Intensive tasks 1-104,true,180376
1626346322208,185197,POST brute,Intensive tasks 1-95,true,185196
1626346314207,193334,POST brute,Intensive tasks 1-79,true,193329
1626346303208,205280,POST brute,Intensive tasks 1-57,true,205279
1626346316207,193393,POST brute,Intensive tasks 1-83,true,193392
1626346332717,178013,POST brute,Intensive tasks 1-116,true,178011
1626346340208,171361,POST brute,Intensive tasks 1-131,true,171359
1626346320709,194023,POST brute,Intensive tasks 1-92,true,194021
1626346311208,205330,POST brute,Intensive tasks 1-73,true,205328
1626346330208,186562,POST brute,Intensive tasks 1-111,true,186561
1626346312707,204482,POST brute,Intensive tasks 1-76,true,204481
1626346313707,204177,POST brute,Intensive tasks 1-78,true,204176
1626346338709,181511,POST brute,Intensive tasks 1-128,true,181509
1626346318208,202268,POST brute,Intensive tasks 1-87,true,202265
1626346328719,191896,POST brute,Intensive tasks 1-108,true,191894
1626346312207,209361,POST brute,Intensive tasks 1-75,true,209361
1626346320208,201599,POST brute,Intensive tasks 1-91,true,201598
1626346321207,201792,POST brute,Intensive tasks 1-93,true,201790
1626346317207,206226,POST brute,Intensive tasks 1-85,true,206214
1626346350208,175089,POST brute,Intensive tasks 1-151,true,175089
1626346333707,192179,POST brute,Intensive tasks 1-118,true,192177
1626346352707,173768,POST brute,Intensive tasks 1-156,true,173767
1626346336708,190085,POST brute,Intensive tasks 1-124,true,190085
1626346316707,212156,POST brute,Intensive tasks 1-84,true,212154
1626346358207,170983,POST brute,Intensive tasks 1-167,true,170981
1626346322709,206543,POST brute,Intensive tasks 1-96,true,206542
1626346337209,192110,POST brute,Intensive tasks 1-125,true,192109
1626346327208,202157,POST brute,Intensive tasks 1-105,true,202157
1626346329708,199763,POST brute,Intensive tasks 1-110,true,199762
1626346363709,167392,POST brute,Intensive tasks 1-178,true,167391
1626346345207,186349,POST brute,Intensive tasks 1-141,true,186348
1626346327708,204204,POST brute,Intensive tasks 1-106,true,204202
1626346293708,238412,POST brute,Intensive tasks 1-38,true,238412
1626346331207,201568,POST brute,Intensive tasks 1-113,true,201567
1626346358707,175143,POST brute,Intensive tasks 1-168,true,175140
1626346354220,179664,POST brute,Intensive tasks 1-159,true,179662
1626346315708,218296,POST brute,Intensive tasks 1-82,true,218295
1626346325708,209439,POST brute,Intensive tasks 1-102,true,209438
1626346350707,184827,POST brute,Intensive tasks 1-152,true,184826
1626346344707,192211,POST brute,Intensive tasks 1-140,true,192210
1626346364212,173324,POST brute,Intensive tasks 1-179,true,173323
1626346345721,192000,POST brute,Intensive tasks 1-142,true,191997
1626346318707,219431,POST brute,Intensive tasks 1-88,true,219429
1626346326207,211952,POST brute,Intensive tasks 1-103,true,211951
1626346355207,184319,POST brute,Intensive tasks 1-161,true,184317
1626346342207,197334,POST brute,Intensive tasks 1-135,true,197331
1626346319207,220343,POST brute,Intensive tasks 1-89,true,220342
1626346315207,224747,POST brute,Intensive tasks 1-81,true,224747
1626346352217,187883,POST brute,Intensive tasks 1-155,true,187882
1626346339209,201161,POST brute,Intensive tasks 1-129,true,201159
1626346338208,202984,POST brute,Intensive tasks 1-127,true,202982
1626346324208,217154,POST brute,Intensive tasks 1-99,true,217152
1626346347207,194643,POST brute,Intensive tasks 1-145,true,194642
1626346319707,222349,POST brute,Intensive tasks 1-90,true,222348
1626346321708,220574,POST brute,Intensive tasks 1-94,true,220573
1626346328207,214093,POST brute,Intensive tasks 1-107,true,214091
1626346374214,168613,POST brute,Intensive tasks 1-199,true,168608
1626346324709,218237,POST brute,Intensive tasks 1-100,true,218235
1626346341707,201270,POST brute,Intensive tasks 1-134,true,201265
1626346341208,201882,POST brute,Intensive tasks 1-133,true,201880
1626346360707,182473,POST brute,Intensive tasks 1-172,true,182471
1626346340709,202644,POST brute,Intensive tasks 1-132,true,202644
1626346314708,229337,POST brute,Intensive tasks 1-80,true,229336
1626346349207,195333,POST brute,Intensive tasks 1-149,true,195331
1626346344208,200422,POST brute,Intensive tasks 1-139,true,200421
1626346337707,207107,POST brute,Intensive tasks 1-126,true,207104
1626346353722,191209,POST brute,Intensive tasks 1-158,true,191208
1626346354707,190754,POST brute,Intensive tasks 1-160,true,190752
1626346325209,220473,POST brute,Intensive tasks 1-101,true,220471
1626346366708,180529,POST brute,Intensive tasks 1-184,true,180527
1626346311708,235799,POST brute,Intensive tasks 1-74,true,235797
1626346331707,215815,POST brute,Intensive tasks 1-114,true,215802
1626346334708,212915,POST brute,Intensive tasks 1-120,true,212904
1626346317708,230367,POST brute,Intensive tasks 1-86,true,230365
1626346359707,188594,POST brute,Intensive tasks 1-170,true,188592
1626346360206,188294,POST brute,Intensive tasks 1-171,true,188293
1626346342707,205902,POST brute,Intensive tasks 1-136,true,205900
1626346343708,205432,POST brute,Intensive tasks 1-138,true,205431
1626346309716,239443,POST brute,Intensive tasks 1-70,true,239442
1626346349706,199615,POST brute,Intensive tasks 1-150,true,199614
1626346361708,188508,POST brute,Intensive tasks 1-174,true,188506
1626346348208,202114,POST brute,Intensive tasks 1-147,true,202113
1626346363207,187133,POST brute,Intensive tasks 1-177,true,187132
1626346347707,202773,POST brute,Intensive tasks 1-146,true,202771
1626346372708,178292,POST brute,Intensive tasks 1-196,true,178289
1626346339707,211454,POST brute,Intensive tasks 1-130,true,211453
1626346364707,186668,POST brute,Intensive tasks 1-180,true,186665
1626346351708,200225,POST brute,Intensive tasks 1-154,true,200202
1626346335207,217526,POST brute,Intensive tasks 1-121,true,217524
1626346366207,186770,POST brute,Intensive tasks 1-183,true,186768
1626346367208,185963,POST brute,Intensive tasks 1-185,true,185961
1626346368207,185072,POST brute,Intensive tasks 1-187,true,185070
1626346357708,195767,POST brute,Intensive tasks 1-166,true,195766
1626346362707,190768,POST brute,Intensive tasks 1-176,true,190755
1626346353208,200391,POST brute,Intensive tasks 1-157,true,200377
1626346346706,206898,POST brute,Intensive tasks 1-144,true,206893
1626346369708,184051,POST brute,Intensive tasks 1-190,true,184044
1626346374721,179899,POST brute,Intensive tasks 1-200,true,179897
1626346346216,208489,POST brute,Intensive tasks 1-143,true,208487
1626346371708,183003,POST brute,Intensive tasks 1-194,true,183001
1626346368707,186164,POST brute,Intensive tasks 1-188,true,186162
1626346343208,211693,POST brute,Intensive tasks 1-137,true,211692
1626346330707,224243,POST brute,Intensive tasks 1-112,true,224242
1626346362208,192918,POST brute,Intensive tasks 1-175,true,192916
1626346365207,190067,POST brute,Intensive tasks 1-181,true,190065
1626346356708,198961,POST brute,Intensive tasks 1-164,true,198961
1626346335707,220255,POST brute,Intensive tasks 1-122,true,220242
1626346348707,207256,POST brute,Intensive tasks 1-148,true,207255
1626346370709,185488,POST brute,Intensive tasks 1-192,true,185486
1626346356208,200058,POST brute,Intensive tasks 1-163,true,200056
1626346365707,190612,POST brute,Intensive tasks 1-182,true,190611
1626346351208,205111,POST brute,Intensive tasks 1-153,true,205110
1626346373707,182669,POST brute,Intensive tasks 1-198,true,182668
1626346332208,224185,POST brute,Intensive tasks 1-115,true,224184
1626346359208,197493,POST brute,Intensive tasks 1-169,true,197491
1626346370207,186588,POST brute,Intensive tasks 1-191,true,186586
1626346333207,223592,POST brute,Intensive tasks 1-117,true,223591
1626346367707,189167,POST brute,Intensive tasks 1-186,true,189165
1626346357207,199718,POST brute,Intensive tasks 1-165,true,199716
1626346372207,184913,POST brute,Intensive tasks 1-195,true,184912
1626346371209,185980,POST brute,Intensive tasks 1-193,true,185963
1626346369208,188228,POST brute,Intensive tasks 1-189,true,188227
1626346361209,196253,POST brute,Intensive tasks 1-173,true,196253
1626346373208,184317,POST brute,Intensive tasks 1-197,true,184317
