timeStamp,elapsed,label,threadName,success,Latency
1626334989156,9461,POST brute,Intensive tasks 1-1,true,9444
1626334989543,11325,POST brute,Intensive tasks 1-2,true,11324
1626334990038,15646,POST brute,Intensive tasks 1-3,true,15645
1626334990538,16583,POST brute,Intensive tasks 1-4,true,16582
1626334991037,22114,POST brute,Intensive tasks 1-5,true,22113
1626334991538,36145,POST brute,Intensive tasks 1-6,true,36142
1626334992049,55217,POST brute,Intensive tasks 1-7,true,55188
1626334994038,58502,POST brute,Intensive tasks 1-11,true,58495
1626334992537,63430,POST brute,Intensive tasks 1-8,true,63428
1626334999038,61149,POST brute,Intensive tasks 1-21,true,61146
1626334994537,65872,POST brute,Intensive tasks 1-12,true,65870
1626334998538,63263,POST brute,Intensive tasks 1-20,true,63261
1626334993537,70260,POST brute,Intensive tasks 1-10,true,70234
1626334993038,84086,POST brute,Intensive tasks 1-9,true,84084
1626335000041,77416,POST brute,Intensive tasks 1-23,true,77402
1626334999537,82114,POST brute,Intensive tasks 1-22,true,82104
1626335001036,84706,POST brute,Intensive tasks 1-25,true,84703
1626334995037,92569,POST brute,Intensive tasks 1-13,true,92559
1626335000537,87127,POST brute,Intensive tasks 1-24,true,87069
1626335002037,94155,POST brute,Intensive tasks 1-27,true,94149
1626335003036,101916,POST brute,Intensive tasks 1-29,true,101916
1626334996038,118928,POST brute,Intensive tasks 1-15,true,118926
1626335001537,113828,POST brute,Intensive tasks 1-26,true,113827
1626335006036,115229,POST brute,Intensive tasks 1-35,true,115224
1626335007536,116674,POST brute,Intensive tasks 1-38,true,116674
1626335005043,129145,POST brute,Intensive tasks 1-33,true,129141
1626335004037,132676,POST brute,Intensive tasks 1-31,true,132673
1626335002537,137189,POST brute,Intensive tasks 1-28,true,137180
1626334997538,146473,POST brute,Intensive tasks 1-18,true,146470
1626335003550,142590,POST brute,Intensive tasks 1-30,true,142589
1626334997039,150097,POST brute,Intensive tasks 1-17,true,150093
1626335007037,142977,POST brute,Intensive tasks 1-37,true,142973
1626334996536,155177,POST brute,Intensive tasks 1-16,true,155151
1626334995540,157549,POST brute,Intensive tasks 1-14,true,157547
1626335009037,145532,POST brute,Intensive tasks 1-41,true,145392
1626335009537,149362,POST brute,Intensive tasks 1-42,true,149361
1626335004536,159089,POST brute,Intensive tasks 1-32,true,159078
1626335016037,156872,POST brute,Intensive tasks 1-55,true,156354
1626335053037,120864,POST brute,Intensive tasks 1-129,true,120862
1626335012537,162188,POST brute,Intensive tasks 1-48,true,162184
1626335060537,115526,POST brute,Intensive tasks 1-144,true,115525
1626335013037,163674,POST brute,Intensive tasks 1-49,true,163659
1626335010037,167877,POST brute,Intensive tasks 1-43,true,167876
1626335015536,164941,POST brute,Intensive tasks 1-54,true,164940
1626335020036,164827,POST brute,Intensive tasks 1-63,true,164818
1626335011538,173348,POST brute,Intensive tasks 1-46,true,173345
1626335006536,179142,POST brute,Intensive tasks 1-36,true,179139
1626335032037,154880,POST brute,Intensive tasks 1-87,true,154861
1626335019045,168532,POST brute,Intensive tasks 1-61,true,168530
1626335020537,167190,POST brute,Intensive tasks 1-64,true,167188
1626335014038,175197,POST brute,Intensive tasks 1-51,true,175195
1626335005537,184677,POST brute,Intensive tasks 1-34,true,184674
1626335012037,178679,POST brute,Intensive tasks 1-47,true,178655
1626335014537,176246,POST brute,Intensive tasks 1-52,true,176242
1626335026536,171019,POST brute,Intensive tasks 1-76,true,170865
1626335019536,178451,POST brute,Intensive tasks 1-62,true,178450
1626335064037,134558,POST brute,Intensive tasks 1-151,true,134556
1626335026037,175311,POST brute,Intensive tasks 1-75,true,174973
1626335011038,193073,POST brute,Intensive tasks 1-45,true,193071
1626335034046,170276,POST brute,Intensive tasks 1-91,true,170275
1626335010536,197358,POST brute,Intensive tasks 1-44,true,197356
1626335028037,181064,POST brute,Intensive tasks 1-79,true,181061
1626335016537,200254,POST brute,Intensive tasks 1-56,true,200231
1626335025537,191257,POST brute,Intensive tasks 1-74,true,191250
1626335066037,151349,POST brute,Intensive tasks 1-155,true,151346
1626335033036,184860,POST brute,Intensive tasks 1-89,true,184857
1626335043536,174963,POST brute,Intensive tasks 1-110,true,174962
1626335018036,201012,POST brute,Intensive tasks 1-59,true,201009
1626335017537,202264,POST brute,Intensive tasks 1-58,true,202232
1626335022538,198383,POST brute,Intensive tasks 1-68,true,198376
1626335008036,213263,POST brute,Intensive tasks 1-39,true,213260
1626335022036,200999,POST brute,Intensive tasks 1-67,true,200979
1626335043037,181906,POST brute,Intensive tasks 1-109,true,181579
1626335033542,191641,POST brute,Intensive tasks 1-90,true,191636
1626335056036,172536,POST brute,Intensive tasks 1-135,true,172534
1626335049036,180538,POST brute,Intensive tasks 1-121,true,180535
1626335024037,208584,POST brute,Intensive tasks 1-71,true,208565
1626335046036,186659,POST brute,Intensive tasks 1-115,true,186655
1626335037537,196813,POST brute,Intensive tasks 1-98,true,196810
1626335060038,176554,POST brute,Intensive tasks 1-143,true,176551
1626335008536,228983,POST brute,Intensive tasks 1-40,true,228979
1626335052536,185497,POST brute,Intensive tasks 1-128,true,185489
1626335069037,169560,POST brute,Intensive tasks 1-161,true,169559
1626335015036,223670,POST brute,Intensive tasks 1-53,true,223651
1626335013547,225667,POST brute,Intensive tasks 1-50,true,225664
1626335036536,203399,POST brute,Intensive tasks 1-96,true,203397
1626335057037,183246,POST brute,Intensive tasks 1-137,true,183242
1626335030538,209821,POST brute,Intensive tasks 1-84,true,209814
1626335063037,177417,POST brute,Intensive tasks 1-149,true,177407
1626335044536,196031,POST brute,Intensive tasks 1-112,true,196030
1626335051037,190085,POST brute,Intensive tasks 1-125,true,190082
1626335031036,210420,POST brute,Intensive tasks 1-85,true,210417
1626335029536,212790,POST brute,Intensive tasks 1-82,true,212788
1626335042537,199962,POST brute,Intensive tasks 1-108,true,199951
1626335021037,221956,POST brute,Intensive tasks 1-65,true,221947
1626335023536,219589,POST brute,Intensive tasks 1-70,true,219586
1626335038036,205151,POST brute,Intensive tasks 1-99,true,205149
1626335024536,218820,POST brute,Intensive tasks 1-72,true,218781
1626335047537,196960,POST brute,Intensive tasks 1-118,true,196950
1626335062538,182066,POST brute,Intensive tasks 1-148,true,182062
1626335054036,190928,POST brute,Intensive tasks 1-131,true,190925
1626335053537,191575,POST brute,Intensive tasks 1-130,true,191573
1626335042036,203572,POST brute,Intensive tasks 1-107,true,203550
1626335058036,188226,POST brute,Intensive tasks 1-139,true,188218
1626335070537,176217,POST brute,Intensive tasks 1-164,true,176207
1626335045537,201621,POST brute,Intensive tasks 1-114,true,201619
1626335068537,178834,POST brute,Intensive tasks 1-160,true,178831
1626335030037,217511,POST brute,Intensive tasks 1-83,true,217491
1626335040037,208331,POST brute,Intensive tasks 1-103,true,208330
1626335021536,227519,POST brute,Intensive tasks 1-66,true,227501
1626335048537,200532,POST brute,Intensive tasks 1-120,true,200531
1626335070037,180009,POST brute,Intensive tasks 1-163,true,180006
1626335028537,221531,POST brute,Intensive tasks 1-80,true,221530
1626335055037,195202,POST brute,Intensive tasks 1-133,true,195184
1626335023037,227235,POST brute,Intensive tasks 1-69,true,227233
1626335034548,216070,POST brute,Intensive tasks 1-92,true,216063
1626335025037,225754,POST brute,Intensive tasks 1-73,true,225747
1626335078038,173387,POST brute,Intensive tasks 1-179,true,173385
1626335071036,181047,POST brute,Intensive tasks 1-165,true,181045
1626334998036,254830,POST brute,Intensive tasks 1-19,true,254820
1626335059536,193777,POST brute,Intensive tasks 1-142,true,193774
1626335079037,174789,POST brute,Intensive tasks 1-181,true,174786
1626335036036,218348,POST brute,Intensive tasks 1-95,true,218346
1626335038537,216206,POST brute,Intensive tasks 1-100,true,216203
1626335041536,213261,POST brute,Intensive tasks 1-106,true,213259
1626335081037,173810,POST brute,Intensive tasks 1-185,true,173808
1626335067536,187939,POST brute,Intensive tasks 1-158,true,187936
1626335050537,205736,POST brute,Intensive tasks 1-124,true,205734
1626335044036,212404,POST brute,Intensive tasks 1-111,true,212388
1626335018545,239299,POST brute,Intensive tasks 1-60,true,239272
1626335029036,229164,POST brute,Intensive tasks 1-81,true,229131
1626335072037,186279,POST brute,Intensive tasks 1-167,true,186261
1626335073536,184968,POST brute,Intensive tasks 1-170,true,184968
1626335039036,219568,POST brute,Intensive tasks 1-101,true,219557
1626335084538,174278,POST brute,Intensive tasks 1-192,true,174277
1626335050037,208845,POST brute,Intensive tasks 1-123,true,208840
1626335065036,193869,POST brute,Intensive tasks 1-153,true,193862
1626335061536,197588,POST brute,Intensive tasks 1-146,true,197586
1626335065536,193825,POST brute,Intensive tasks 1-154,true,193804
1626335045038,214353,POST brute,Intensive tasks 1-113,true,214351
1626335052036,207844,POST brute,Intensive tasks 1-127,true,207827
1626335037037,223807,POST brute,Intensive tasks 1-97,true,223804
1626335076036,184904,POST brute,Intensive tasks 1-175,true,184902
1626335027036,234591,POST brute,Intensive tasks 1-77,true,234578
1626335041036,220606,POST brute,Intensive tasks 1-105,true,220604
1626335078538,183710,POST brute,Intensive tasks 1-180,true,183708
1626335059037,203518,POST brute,Intensive tasks 1-141,true,203517
1626335049536,213021,POST brute,Intensive tasks 1-122,true,213015
1626335047037,215701,POST brute,Intensive tasks 1-117,true,215700
1626335058537,204410,POST brute,Intensive tasks 1-140,true,204407
1626335035046,228153,POST brute,Intensive tasks 1-93,true,228145
1626335056537,208099,POST brute,Intensive tasks 1-136,true,208093
1626335077546,187101,POST brute,Intensive tasks 1-178,true,187097
1626335027536,237266,POST brute,Intensive tasks 1-78,true,237258
1626335046536,218392,POST brute,Intensive tasks 1-116,true,218385
1626335066537,198474,POST brute,Intensive tasks 1-156,true,198470
1626335017038,248288,POST brute,Intensive tasks 1-57,true,248287
1626335064536,201107,POST brute,Intensive tasks 1-152,true,201104
1626335075035,190744,POST brute,Intensive tasks 1-173,true,190736
1626335084036,181987,POST brute,Intensive tasks 1-191,true,181984
1626335088041,178060,POST brute,Intensive tasks 1-199,true,178051
1626335063537,202583,POST brute,Intensive tasks 1-150,true,202577
1626335088536,177767,POST brute,Intensive tasks 1-200,true,177751
1626335082039,184811,POST brute,Intensive tasks 1-187,true,184800
1626335075535,191347,POST brute,Intensive tasks 1-174,true,191345
1626335062038,204914,POST brute,Intensive tasks 1-147,true,204912
1626335031536,235424,POST brute,Intensive tasks 1-86,true,235421
1626335032538,234736,POST brute,Intensive tasks 1-88,true,234720
1626335061036,206293,POST brute,Intensive tasks 1-145,true,206290
1626335083037,184299,POST brute,Intensive tasks 1-189,true,184296
1626335087537,179971,POST brute,Intensive tasks 1-198,true,179930
1626335054537,213020,POST brute,Intensive tasks 1-132,true,212978
1626335081543,186170,POST brute,Intensive tasks 1-186,true,186168
1626335051536,216320,POST brute,Intensive tasks 1-126,true,216318
1626335083536,184419,POST brute,Intensive tasks 1-190,true,184415
1626335039537,228594,POST brute,Intensive tasks 1-102,true,228534
1626335080536,187597,POST brute,Intensive tasks 1-184,true,187555
1626335086537,181642,POST brute,Intensive tasks 1-196,true,181626
1626335068038,200237,POST brute,Intensive tasks 1-159,true,200218
1626335035537,232758,POST brute,Intensive tasks 1-94,true,232755
1626335074537,193816,POST brute,Intensive tasks 1-172,true,193806
1626335048038,220333,POST brute,Intensive tasks 1-119,true,220331
1626335074037,194363,POST brute,Intensive tasks 1-171,true,194361
1626335080036,188369,POST brute,Intensive tasks 1-183,true,188367
1626335067036,201373,POST brute,Intensive tasks 1-157,true,201371
1626335057536,210934,POST brute,Intensive tasks 1-138,true,210930
1626335077037,191597,POST brute,Intensive tasks 1-177,true,191584
1626335072537,196207,POST brute,Intensive tasks 1-168,true,196189
1626335071536,197340,POST brute,Intensive tasks 1-166,true,197333
1626335073036,195903,POST brute,Intensive tasks 1-169,true,195900
1626335076538,192474,POST brute,Intensive tasks 1-176,true,192472
1626335040536,228600,POST brute,Intensive tasks 1-104,true,228593
1626335055536,213664,POST brute,Intensive tasks 1-134,true,213662
1626335079536,189721,POST brute,Intensive tasks 1-182,true,189719
1626335087037,182710,POST brute,Intensive tasks 1-197,true,182708
1626335086047,183778,POST brute,Intensive tasks 1-195,true,183776
1626335085537,184585,POST brute,Intensive tasks 1-194,true,184584
1626335069536,200775,POST brute,Intensive tasks 1-162,true,200774
1626335082537,187807,POST brute,Intensive tasks 1-188,true,187806
1626335085038,185743,POST brute,Intensive tasks 1-193,true,185742
