timeStamp,elapsed,label,threadName,success,Latency
1626353991626,21322,POST brute,Intensive tasks 1-1,true,21320
1626353992007,21213,POST brute,Intensive tasks 1-2,true,21213
1626353992506,22580,POST brute,Intensive tasks 1-3,true,22580
1626353993005,22409,POST brute,Intensive tasks 1-4,true,22409
1626353993504,24603,POST brute,Intensive tasks 1-5,true,24603
1626353994004,25787,POST brute,Intensive tasks 1-6,true,25787
1626353994504,25315,POST brute,Intensive tasks 1-7,true,25315
1626353995003,26775,POST brute,Intensive tasks 1-8,true,26775
1626353995502,27148,POST brute,Intensive tasks 1-9,true,27147
1626353996003,28754,POST brute,Intensive tasks 1-10,true,28754
1626353996502,28469,POST brute,Intensive tasks 1-11,true,28469
1626353997003,28196,POST brute,Intensive tasks 1-12,true,28196
1626353997503,28082,POST brute,Intensive tasks 1-13,true,28082
1626353998013,29450,POST brute,Intensive tasks 1-14,true,29450
1626353998503,29617,POST brute,Intensive tasks 1-15,true,29617
1626353999004,30014,POST brute,Intensive tasks 1-16,true,30014
1626353999503,41994,POST brute,Intensive tasks 1-17,true,41994
1626354000002,42846,POST brute,Intensive tasks 1-18,true,42846
1626354000503,42515,POST brute,Intensive tasks 1-19,true,42515
1626354001003,43425,POST brute,Intensive tasks 1-20,true,43425
1626354001503,45719,POST brute,Intensive tasks 1-21,true,45719
1626354002503,45990,POST brute,Intensive tasks 1-23,true,45990
1626354002002,46925,POST brute,Intensive tasks 1-22,true,46925
1626354003003,48588,POST brute,Intensive tasks 1-24,true,48588
1626354003502,48362,POST brute,Intensive tasks 1-25,true,48362
1626354005004,47895,POST brute,Intensive tasks 1-28,true,47895
1626354004503,49400,POST brute,Intensive tasks 1-27,true,49400
1626354004003,50457,POST brute,Intensive tasks 1-26,true,50457
1626354005503,50350,POST brute,Intensive tasks 1-29,true,50350
1626354006003,50951,POST brute,Intensive tasks 1-30,true,50951
1626354006503,50726,POST brute,Intensive tasks 1-31,true,50726
1626354007004,51330,POST brute,Intensive tasks 1-32,true,51330
1626354007504,63282,POST brute,Intensive tasks 1-33,true,63282
1626354008502,62975,POST brute,Intensive tasks 1-35,true,62975
1626354008002,63531,POST brute,Intensive tasks 1-34,true,63531
1626354009004,64340,POST brute,Intensive tasks 1-36,true,64340
1626354010002,67368,POST brute,Intensive tasks 1-38,true,67368
1626354009503,68396,POST brute,Intensive tasks 1-37,true,68396
1626354010502,67833,POST brute,Intensive tasks 1-39,true,67833
1626354011514,69175,POST brute,Intensive tasks 1-41,true,69175
1626354011015,70014,POST brute,Intensive tasks 1-40,true,70014
1626354013002,68978,POST brute,Intensive tasks 1-44,true,68978
1626354012502,70059,POST brute,Intensive tasks 1-43,true,70059
1626354013503,70552,POST brute,Intensive tasks 1-45,true,70552
1626354012003,72585,POST brute,Intensive tasks 1-42,true,72585
1626354014004,71229,POST brute,Intensive tasks 1-46,true,71229
1626354014502,71470,POST brute,Intensive tasks 1-47,true,71470
1626354015002,72804,POST brute,Intensive tasks 1-48,true,72804
1626354015502,83573,POST brute,Intensive tasks 1-49,true,83573
1626354016503,83692,POST brute,Intensive tasks 1-51,true,83692
1626354016003,84215,POST brute,Intensive tasks 1-50,true,84215
1626354017003,86268,POST brute,Intensive tasks 1-52,true,86268
1626354018503,88620,POST brute,Intensive tasks 1-55,true,88620
1626354018003,89124,POST brute,Intensive tasks 1-54,true,89124
1626354017502,89813,POST brute,Intensive tasks 1-53,true,89812
1626354019503,88993,POST brute,Intensive tasks 1-57,true,88993
1626354019003,90834,POST brute,Intensive tasks 1-56,true,90834
1626354021004,90314,POST brute,Intensive tasks 1-60,true,90314
1626354020502,91072,POST brute,Intensive tasks 1-59,true,91072
1626354020002,93043,POST brute,Intensive tasks 1-58,true,93043
1626354021504,92365,POST brute,Intensive tasks 1-61,true,92365
1626354022503,92438,POST brute,Intensive tasks 1-63,true,92438
1626354022003,93038,POST brute,Intensive tasks 1-62,true,93038
1626354023004,93928,POST brute,Intensive tasks 1-64,true,93928
1626354023503,104323,POST brute,Intensive tasks 1-65,true,104323
1626354024002,104962,POST brute,Intensive tasks 1-66,true,104962
1626354024502,104464,POST brute,Intensive tasks 1-67,true,104464
1626354025003,107947,POST brute,Intensive tasks 1-68,true,107947
1626354026002,109695,POST brute,Intensive tasks 1-70,true,109695
1626354026502,110599,POST brute,Intensive tasks 1-71,true,110599
1626354027502,110283,POST brute,Intensive tasks 1-73,true,110283
1626354027002,111819,POST brute,Intensive tasks 1-72,true,111819
1626354025503,113520,POST brute,Intensive tasks 1-69,true,113520
1626354029003,111525,POST brute,Intensive tasks 1-76,true,111525
1626354028502,112311,POST brute,Intensive tasks 1-75,true,112311
1626354028004,113256,POST brute,Intensive tasks 1-74,true,113256
1626354029502,112112,POST brute,Intensive tasks 1-77,true,112112
1626354030504,112612,POST brute,Intensive tasks 1-79,true,112611
1626354030002,114804,POST brute,Intensive tasks 1-78,true,114804
1626354031003,114358,POST brute,Intensive tasks 1-80,true,114358
1626354031503,125271,POST brute,Intensive tasks 1-81,true,125271
1626354032003,126298,POST brute,Intensive tasks 1-82,true,126298
1626354032503,125859,POST brute,Intensive tasks 1-83,true,125859
1626354033003,129352,POST brute,Intensive tasks 1-84,true,129352
1626354034002,130895,POST brute,Intensive tasks 1-86,true,130895
1626354034502,131809,POST brute,Intensive tasks 1-87,true,131809
1626354035503,131179,POST brute,Intensive tasks 1-89,true,131179
1626354033503,134130,POST brute,Intensive tasks 1-85,true,134130
1626354035003,132789,POST brute,Intensive tasks 1-88,true,132789
1626354037002,132217,POST brute,Intensive tasks 1-92,true,132217
1626354036002,133672,POST brute,Intensive tasks 1-90,true,133672
1626354036502,133284,POST brute,Intensive tasks 1-91,true,133284
1626354037504,134432,POST brute,Intensive tasks 1-93,true,134432
1626354038502,134162,POST brute,Intensive tasks 1-95,true,134162
1626354038004,135237,POST brute,Intensive tasks 1-94,true,135237
1626354039003,135088,POST brute,Intensive tasks 1-96,true,135088
1626354039517,146833,POST brute,Intensive tasks 1-97,true,146833
1626354040503,146497,POST brute,Intensive tasks 1-99,true,146497
1626354040003,147389,POST brute,Intensive tasks 1-98,true,147389
1626354041010,149473,POST brute,Intensive tasks 1-100,true,149473
1626354042002,151714,POST brute,Intensive tasks 1-102,true,151714
1626354042506,152863,POST brute,Intensive tasks 1-103,true,152863
1626354043502,152183,POST brute,Intensive tasks 1-105,true,152183
1626354043014,152945,POST brute,Intensive tasks 1-104,true,152945
1626354041503,154894,POST brute,Intensive tasks 1-101,true,154894
1626354044002,154667,POST brute,Intensive tasks 1-106,true,154667
1626354045003,153943,POST brute,Intensive tasks 1-108,true,153943
1626354044503,154588,POST brute,Intensive tasks 1-107,true,154587
1626354046504,154327,POST brute,Intensive tasks 1-111,true,154327
1626354045502,156253,POST brute,Intensive tasks 1-109,true,156253
1626354047002,155450,POST brute,Intensive tasks 1-112,true,155450
1626354046002,156736,POST brute,Intensive tasks 1-110,true,156736
1626354047501,167786,POST brute,Intensive tasks 1-113,true,167786
1626354048001,168609,POST brute,Intensive tasks 1-114,true,168609
1626354048501,168386,POST brute,Intensive tasks 1-115,true,168386
1626354049002,169886,POST brute,Intensive tasks 1-116,true,169886
1626354050001,172461,POST brute,Intensive tasks 1-118,true,172461
1626354051501,173089,POST brute,Intensive tasks 1-121,true,173089
1626354050501,174720,POST brute,Intensive tasks 1-119,true,174720
1626354051001,174543,POST brute,Intensive tasks 1-120,true,174543
1626354049502,176513,POST brute,Intensive tasks 1-117,true,176513
1626354053002,174472,POST brute,Intensive tasks 1-124,true,174472
1626354052003,175623,POST brute,Intensive tasks 1-122,true,175623
1626354052503,175447,POST brute,Intensive tasks 1-123,true,175447
1626354054503,175872,POST brute,Intensive tasks 1-127,true,175872
1626354053517,177511,POST brute,Intensive tasks 1-125,true,177511
1626354054002,177534,POST brute,Intensive tasks 1-126,true,177534
1626354055003,176721,POST brute,Intensive tasks 1-128,true,176721
1626354055502,188568,POST brute,Intensive tasks 1-129,true,188568
1626354056003,190195,POST brute,Intensive tasks 1-130,true,190195
1626354056503,189739,POST brute,Intensive tasks 1-131,true,189739
1626354057009,191121,POST brute,Intensive tasks 1-132,true,191121
1626354058002,194964,POST brute,Intensive tasks 1-134,true,194964
1626354059504,193524,POST brute,Intensive tasks 1-137,true,193524
1626354059003,195649,POST brute,Intensive tasks 1-136,true,195649
1626354058502,196345,POST brute,Intensive tasks 1-135,true,196345
1626354057504,198328,POST brute,Intensive tasks 1-133,true,198328
1626354060503,196088,POST brute,Intensive tasks 1-139,true,196088
1626354061002,195724,POST brute,Intensive tasks 1-140,true,195724
1626354060004,197470,POST brute,Intensive tasks 1-138,true,197470
1626354062503,197038,POST brute,Intensive tasks 1-143,true,197038
1626354062003,198399,POST brute,Intensive tasks 1-142,true,198399
1626354061502,198922,POST brute,Intensive tasks 1-141,true,198922
1626354063002,197724,POST brute,Intensive tasks 1-144,true,197724
1626354063502,209656,POST brute,Intensive tasks 1-145,true,209656
1626354064502,210709,POST brute,Intensive tasks 1-147,true,210709
1626354064002,211754,POST brute,Intensive tasks 1-146,true,211754
1626354065003,211476,POST brute,Intensive tasks 1-148,true,211476
1626354067502,214327,POST brute,Intensive tasks 1-153,true,214327
1626354066002,216385,POST brute,Intensive tasks 1-150,true,216385
1626354066502,216750,POST brute,Intensive tasks 1-151,true,216750
1626354067002,216384,POST brute,Intensive tasks 1-152,true,216384
1626354068503,215457,POST brute,Intensive tasks 1-155,true,215457
1626354065502,219621,POST brute,Intensive tasks 1-149,true,219621
1626354069002,216936,POST brute,Intensive tasks 1-156,true,216936
1626354068003,219459,POST brute,Intensive tasks 1-154,true,219459
1626354070503,218399,POST brute,Intensive tasks 1-159,true,218399
1626354071003,218866,POST brute,Intensive tasks 1-160,true,218866
1626354070002,220812,POST brute,Intensive tasks 1-158,true,220812
1626354069502,221408,POST brute,Intensive tasks 1-157,true,221408
1626354071503,230283,POST brute,Intensive tasks 1-161,true,230283
1626354072002,232593,POST brute,Intensive tasks 1-162,true,232593
1626354072502,232518,POST brute,Intensive tasks 1-163,true,232518
1626354073003,232265,POST brute,Intensive tasks 1-164,true,232265
1626354075502,233950,POST brute,Intensive tasks 1-169,true,233950
1626354075002,236687,POST brute,Intensive tasks 1-168,true,236687
1626354074003,238063,POST brute,Intensive tasks 1-166,true,238063
1626354074502,237821,POST brute,Intensive tasks 1-167,true,237821
1626354076503,237256,POST brute,Intensive tasks 1-171,true,237256
1626354073504,241346,POST brute,Intensive tasks 1-165,true,241346
1626354077003,238945,POST brute,Intensive tasks 1-172,true,238945
1626354076003,240595,POST brute,Intensive tasks 1-170,true,240595
1626354078503,239374,POST brute,Intensive tasks 1-175,true,239373
1626354079003,239879,POST brute,Intensive tasks 1-176,true,239879
1626354078002,241768,POST brute,Intensive tasks 1-174,true,241768
1626354077503,242814,POST brute,Intensive tasks 1-173,true,242814
1626354079503,252044,POST brute,Intensive tasks 1-177,true,252044
1626354080002,253674,POST brute,Intensive tasks 1-178,true,253674
1626354080503,253836,POST brute,Intensive tasks 1-179,true,253836
1626354081002,253870,POST brute,Intensive tasks 1-180,true,253870
1626354083502,254146,POST brute,Intensive tasks 1-185,true,254146
1626354083002,256704,POST brute,Intensive tasks 1-184,true,256704
1626354082003,258620,POST brute,Intensive tasks 1-182,true,258620
1626354082503,259717,POST brute,Intensive tasks 1-183,true,259717
1626354084503,258574,POST brute,Intensive tasks 1-187,true,258574
1626354081502,261931,POST brute,Intensive tasks 1-181,true,261931
1626354085003,259590,POST brute,Intensive tasks 1-188,true,259590
1626354084011,261002,POST brute,Intensive tasks 1-186,true,261002
1626354086503,259463,POST brute,Intensive tasks 1-191,true,259463
1626354086003,260915,POST brute,Intensive tasks 1-190,true,260915
1626354087003,260107,POST brute,Intensive tasks 1-192,true,260107
1626354085502,262254,POST brute,Intensive tasks 1-189,true,262254
1626354087502,265447,POST brute,Intensive tasks 1-193,true,265447
1626354088011,265732,POST brute,Intensive tasks 1-194,true,265732
1626354088503,265646,POST brute,Intensive tasks 1-195,true,265646
1626354089003,265308,POST brute,Intensive tasks 1-196,true,265308
1626354091003,264643,POST brute,Intensive tasks 1-200,true,264643
1626354090002,266069,POST brute,Intensive tasks 1-198,true,266069
1626354090504,265937,POST brute,Intensive tasks 1-199,true,265937
1626354089502,267298,POST brute,Intensive tasks 1-197,true,267298
