timeStamp,elapsed,label,threadName,success,Latency
1626353450345,20545,POST brute,Intensive tasks 1-2,true,20543
1626353449966,20952,POST brute,Intensive tasks 1-1,true,20952
1626353450844,22183,POST brute,Intensive tasks 1-3,true,22183
1626353451341,22997,POST brute,Intensive tasks 1-4,true,22997
1626353451842,25359,POST brute,Intensive tasks 1-5,true,25359
1626353452343,25342,POST brute,Intensive tasks 1-6,true,25342
1626353452845,26601,POST brute,Intensive tasks 1-7,true,26600
1626353453842,26510,POST brute,Intensive tasks 1-9,true,26510
1626353453341,27657,POST brute,Intensive tasks 1-8,true,27657
1626353454340,27442,POST brute,Intensive tasks 1-10,true,27442
1626353454840,27689,POST brute,Intensive tasks 1-11,true,27689
1626353455341,28825,POST brute,Intensive tasks 1-12,true,28825
1626353455841,28694,POST brute,Intensive tasks 1-13,true,28693
1626353457342,27820,POST brute,Intensive tasks 1-16,true,27820
1626353456343,29403,POST brute,Intensive tasks 1-14,true,29403
1626353456842,29242,POST brute,Intensive tasks 1-15,true,29242
1626353458341,39919,POST brute,Intensive tasks 1-18,true,39919
1626353457840,41598,POST brute,Intensive tasks 1-17,true,41598
1626353458842,43160,POST brute,Intensive tasks 1-19,true,43160
1626353459341,43929,POST brute,Intensive tasks 1-20,true,43929
1626353460341,45222,POST brute,Intensive tasks 1-22,true,45222
1626353459841,46727,POST brute,Intensive tasks 1-21,true,46727
1626353461841,47282,POST brute,Intensive tasks 1-25,true,47282
1626353460842,48602,POST brute,Intensive tasks 1-23,true,48602
1626353461341,48505,POST brute,Intensive tasks 1-24,true,48505
1626353462340,48987,POST brute,Intensive tasks 1-26,true,48987
1626353462841,48784,POST brute,Intensive tasks 1-27,true,48784
1626353463341,49194,POST brute,Intensive tasks 1-28,true,49194
1626353465341,48923,POST brute,Intensive tasks 1-32,true,48923
1626353463841,50688,POST brute,Intensive tasks 1-29,true,50688
1626353464341,50452,POST brute,Intensive tasks 1-30,true,50452
1626353464842,49978,POST brute,Intensive tasks 1-31,true,49978
1626353466340,60270,POST brute,Intensive tasks 1-34,true,60270
1626353465841,62243,POST brute,Intensive tasks 1-33,true,62243
1626353466841,64210,POST brute,Intensive tasks 1-35,true,64210
1626353467341,64173,POST brute,Intensive tasks 1-36,true,64173
1626353468340,65969,POST brute,Intensive tasks 1-38,true,65969
1626353467841,68074,POST brute,Intensive tasks 1-37,true,68074
1626353468840,70086,POST brute,Intensive tasks 1-39,true,70086
1626353469342,69739,POST brute,Intensive tasks 1-40,true,69739
1626353469841,69335,POST brute,Intensive tasks 1-41,true,69335
1626353470341,69260,POST brute,Intensive tasks 1-42,true,69260
1626353470841,69819,POST brute,Intensive tasks 1-43,true,69819
1626353473341,68832,POST brute,Intensive tasks 1-48,true,68832
1626353471342,70861,POST brute,Intensive tasks 1-44,true,70861
1626353471843,70993,POST brute,Intensive tasks 1-45,true,70993
1626353472342,70822,POST brute,Intensive tasks 1-46,true,70822
1626353472844,70609,POST brute,Intensive tasks 1-47,true,70609
1626353474342,82277,POST brute,Intensive tasks 1-50,true,82277
1626353473841,83661,POST brute,Intensive tasks 1-49,true,83661
1626353474841,85144,POST brute,Intensive tasks 1-51,true,85144
1626353475341,85117,POST brute,Intensive tasks 1-52,true,85117
1626353476341,86724,POST brute,Intensive tasks 1-54,true,86724
1626353475840,88840,POST brute,Intensive tasks 1-53,true,88840
1626353477841,89579,POST brute,Intensive tasks 1-57,true,89579
1626353476841,90625,POST brute,Intensive tasks 1-55,true,90625
1626353477341,90808,POST brute,Intensive tasks 1-56,true,90808
1626353478340,89857,POST brute,Intensive tasks 1-58,true,89857
1626353478847,90062,POST brute,Intensive tasks 1-59,true,90062
1626353479341,91165,POST brute,Intensive tasks 1-60,true,91165
1626353479840,91252,POST brute,Intensive tasks 1-61,true,91252
1626353481342,90417,POST brute,Intensive tasks 1-64,true,90417
1626353480840,91525,POST brute,Intensive tasks 1-63,true,91525
1626353480340,92308,POST brute,Intensive tasks 1-62,true,92308
1626353481840,104528,POST brute,Intensive tasks 1-65,true,104528
1626353482340,104571,POST brute,Intensive tasks 1-66,true,104571
1626353482841,105242,POST brute,Intensive tasks 1-67,true,105242
1626353483342,107035,POST brute,Intensive tasks 1-68,true,107035
1626353484341,108474,POST brute,Intensive tasks 1-70,true,108474
1626353483840,109197,POST brute,Intensive tasks 1-69,true,109197
1626353484840,110950,POST brute,Intensive tasks 1-71,true,110950
1626353485841,110662,POST brute,Intensive tasks 1-73,true,110662
1626353486840,109900,POST brute,Intensive tasks 1-75,true,109900
1626353485341,111653,POST brute,Intensive tasks 1-72,true,111653
1626353486344,111621,POST brute,Intensive tasks 1-74,true,111621
1626353487340,111722,POST brute,Intensive tasks 1-76,true,111722
1626353487842,111711,POST brute,Intensive tasks 1-77,true,111711
1626353489340,110896,POST brute,Intensive tasks 1-80,true,110896
1626353488840,112045,POST brute,Intensive tasks 1-79,true,112045
1626353488342,113458,POST brute,Intensive tasks 1-78,true,113458
1626353489840,125800,POST brute,Intensive tasks 1-81,true,125800
1626353490342,126339,POST brute,Intensive tasks 1-82,true,126339
1626353490842,126763,POST brute,Intensive tasks 1-83,true,126763
1626353491341,128327,POST brute,Intensive tasks 1-84,true,128327
1626353492341,128430,POST brute,Intensive tasks 1-86,true,128430
1626353491840,130248,POST brute,Intensive tasks 1-85,true,130248
1626353492841,131422,POST brute,Intensive tasks 1-87,true,131422
1626353494841,129869,POST brute,Intensive tasks 1-91,true,129869
1626353493342,132191,POST brute,Intensive tasks 1-88,true,132191
1626353493840,132078,POST brute,Intensive tasks 1-89,true,132078
1626353494340,133153,POST brute,Intensive tasks 1-90,true,133153
1626353495341,132941,POST brute,Intensive tasks 1-92,true,132941
1626353495840,132692,POST brute,Intensive tasks 1-93,true,132692
1626353496840,131890,POST brute,Intensive tasks 1-95,true,131890
1626353497342,131995,POST brute,Intensive tasks 1-96,true,131995
1626353496340,135082,POST brute,Intensive tasks 1-94,true,135082
1626353497841,146535,POST brute,Intensive tasks 1-97,true,146535
1626353498340,146575,POST brute,Intensive tasks 1-98,true,146575
1626353498840,148201,POST brute,Intensive tasks 1-99,true,148201
1626353499341,150805,POST brute,Intensive tasks 1-100,true,150805
1626353500340,150074,POST brute,Intensive tasks 1-102,true,150074
1626353499841,152188,POST brute,Intensive tasks 1-101,true,152188
1626353500840,152294,POST brute,Intensive tasks 1-103,true,152294
1626353501841,151704,POST brute,Intensive tasks 1-105,true,151704
1626353502840,150859,POST brute,Intensive tasks 1-107,true,150859
1626353501340,153715,POST brute,Intensive tasks 1-104,true,153715
1626353502340,153518,POST brute,Intensive tasks 1-106,true,153518
1626353504841,151762,POST brute,Intensive tasks 1-111,true,151762
1626353503340,153906,POST brute,Intensive tasks 1-108,true,153906
1626353503841,153536,POST brute,Intensive tasks 1-109,true,153536
1626353505340,153064,POST brute,Intensive tasks 1-112,true,153064
1626353504341,156839,POST brute,Intensive tasks 1-110,true,156839
1626353505841,168130,POST brute,Intensive tasks 1-113,true,168130
1626353506340,168214,POST brute,Intensive tasks 1-114,true,168214
1626353506842,168479,POST brute,Intensive tasks 1-115,true,168479
1626353507341,171590,POST brute,Intensive tasks 1-116,true,171590
1626353508341,171188,POST brute,Intensive tasks 1-118,true,171188
1626353509842,171065,POST brute,Intensive tasks 1-121,true,171065
1626353508840,172329,POST brute,Intensive tasks 1-119,true,172329
1626353507841,174770,POST brute,Intensive tasks 1-117,true,174770
1626353510840,172036,POST brute,Intensive tasks 1-123,true,172036
1626353509341,174896,POST brute,Intensive tasks 1-120,true,174896
1626353510341,173944,POST brute,Intensive tasks 1-122,true,173944
1626353511340,173621,POST brute,Intensive tasks 1-124,true,173621
1626353512840,173393,POST brute,Intensive tasks 1-127,true,173393
1626353511841,175089,POST brute,Intensive tasks 1-125,true,175089
1626353513340,174288,POST brute,Intensive tasks 1-128,true,174288
1626353512341,178051,POST brute,Intensive tasks 1-126,true,178051
1626353514341,188614,POST brute,Intensive tasks 1-130,true,188614
1626353513840,189404,POST brute,Intensive tasks 1-129,true,189404
1626353514842,190349,POST brute,Intensive tasks 1-131,true,190349
1626353515340,192066,POST brute,Intensive tasks 1-132,true,192066
1626353516341,191184,POST brute,Intensive tasks 1-134,true,191184
1626353517840,191518,POST brute,Intensive tasks 1-137,true,191518
1626353516840,194114,POST brute,Intensive tasks 1-135,true,194113
1626353515841,195981,POST brute,Intensive tasks 1-133,true,195981
1626353517340,195206,POST brute,Intensive tasks 1-136,true,195206
1626353518341,194233,POST brute,Intensive tasks 1-138,true,194233
1626353518840,193942,POST brute,Intensive tasks 1-139,true,193942
1626353519340,194709,POST brute,Intensive tasks 1-140,true,194709
1626353521340,193406,POST brute,Intensive tasks 1-144,true,193406
1626353520841,195100,POST brute,Intensive tasks 1-143,true,195100
1626353519841,197381,POST brute,Intensive tasks 1-141,true,197381
1626353520339,199201,POST brute,Intensive tasks 1-142,true,199201
1626353522339,210274,POST brute,Intensive tasks 1-146,true,210274
1626353521839,211448,POST brute,Intensive tasks 1-145,true,211448
1626353522840,210950,POST brute,Intensive tasks 1-147,true,210950
1626353523348,212260,POST brute,Intensive tasks 1-148,true,212260
1626353524349,212817,POST brute,Intensive tasks 1-150,true,212817
1626353525841,212053,POST brute,Intensive tasks 1-153,true,212053
1626353524841,214537,POST brute,Intensive tasks 1-151,true,214537
1626353523841,217064,POST brute,Intensive tasks 1-149,true,217064
1626353525340,216199,POST brute,Intensive tasks 1-152,true,216199
1626353526341,215564,POST brute,Intensive tasks 1-154,true,215564
1626353526840,215466,POST brute,Intensive tasks 1-155,true,215465
1626353527343,215642,POST brute,Intensive tasks 1-156,true,215642
1626353528841,214234,POST brute,Intensive tasks 1-159,true,214234
1626353529341,214469,POST brute,Intensive tasks 1-160,true,214469
1626353527846,217530,POST brute,Intensive tasks 1-157,true,217530
1626353528340,220968,POST brute,Intensive tasks 1-158,true,220968
1626353529840,231967,POST brute,Intensive tasks 1-161,true,231967
1626353530841,231307,POST brute,Intensive tasks 1-163,true,231307
1626353530340,232239,POST brute,Intensive tasks 1-162,true,232239
1626353531454,233024,POST brute,Intensive tasks 1-164,true,233024
1626353532341,233226,POST brute,Intensive tasks 1-166,true,233226
1626353533840,233671,POST brute,Intensive tasks 1-169,true,233671
1626353532840,235240,POST brute,Intensive tasks 1-167,true,235240
1626353531841,236708,POST brute,Intensive tasks 1-165,true,236708
1626353533354,237317,POST brute,Intensive tasks 1-168,true,237317
1626353534841,236271,POST brute,Intensive tasks 1-171,true,236271
1626353536841,234571,POST brute,Intensive tasks 1-175,true,234571
1626353534341,237702,POST brute,Intensive tasks 1-170,true,237702
1626353537341,235255,POST brute,Intensive tasks 1-176,true,235255
1626353535341,238156,POST brute,Intensive tasks 1-172,true,238156
1626353535841,238230,POST brute,Intensive tasks 1-173,true,238230
1626353536340,242131,POST brute,Intensive tasks 1-174,true,242131
1626353538841,251826,POST brute,Intensive tasks 1-179,true,251826
1626353538341,253479,POST brute,Intensive tasks 1-178,true,253479
1626353537840,254500,POST brute,Intensive tasks 1-177,true,254499
1626353539354,254969,POST brute,Intensive tasks 1-180,true,254969
1626353541840,252674,POST brute,Intensive tasks 1-185,true,252674
1626353540340,255609,POST brute,Intensive tasks 1-182,true,255608
1626353539840,256777,POST brute,Intensive tasks 1-181,true,256777
1626353540840,256045,POST brute,Intensive tasks 1-183,true,256045
1626353542842,256878,POST brute,Intensive tasks 1-187,true,256878
1626353541339,258410,POST brute,Intensive tasks 1-184,true,258410
1626353544840,255547,POST brute,Intensive tasks 1-191,true,255547
1626353542341,258618,POST brute,Intensive tasks 1-186,true,258618
1626353545341,255860,POST brute,Intensive tasks 1-192,true,255860
1626353543842,258484,POST brute,Intensive tasks 1-189,true,258484
1626353543340,259442,POST brute,Intensive tasks 1-188,true,259442
1626353544340,260326,POST brute,Intensive tasks 1-190,true,260326
1626353546840,263959,POST brute,Intensive tasks 1-195,true,263959
1626353546342,264617,POST brute,Intensive tasks 1-194,true,264617
1626353545841,265288,POST brute,Intensive tasks 1-193,true,265288
1626353547341,264257,POST brute,Intensive tasks 1-196,true,264257
1626353547841,264418,POST brute,Intensive tasks 1-197,true,264418
1626353548341,264050,POST brute,Intensive tasks 1-198,true,264050
1626353548840,263910,POST brute,Intensive tasks 1-199,true,263910
1626353549340,264163,POST brute,Intensive tasks 1-200,true,264163
