timeStamp,elapsed,label,threadName,success,Latency
1626351540463,9024,POST brute,Intensive tasks 1-1,true,9021
1626351540831,8656,POST brute,Intensive tasks 1-2,true,8653
1626351541330,10169,POST brute,Intensive tasks 1-3,true,10169
1626351541828,10417,POST brute,Intensive tasks 1-4,true,10417
1626351542327,10941,POST brute,Intensive tasks 1-5,true,10941
1626351542828,12499,POST brute,Intensive tasks 1-6,true,12499
1626351543328,13608,POST brute,Intensive tasks 1-7,true,13608
1626351543827,14283,POST brute,Intensive tasks 1-8,true,14283
1626351544327,14721,POST brute,Intensive tasks 1-9,true,14721
1626351544827,14774,POST brute,Intensive tasks 1-10,true,14774
1626351545326,15109,POST brute,Intensive tasks 1-11,true,15109
1626351545827,15279,POST brute,Intensive tasks 1-12,true,15279
1626351546327,15403,POST brute,Intensive tasks 1-13,true,15403
1626351546829,15499,POST brute,Intensive tasks 1-14,true,15499
1626351547329,16089,POST brute,Intensive tasks 1-15,true,16089
1626351547827,15605,POST brute,Intensive tasks 1-16,true,15605
1626351548327,15405,POST brute,Intensive tasks 1-17,true,15405
1626351548841,16073,POST brute,Intensive tasks 1-18,true,16073
1626351549826,24868,POST brute,Intensive tasks 1-20,true,24868
1626351549339,25874,POST brute,Intensive tasks 1-19,true,25874
1626351550328,26053,POST brute,Intensive tasks 1-21,true,26053
1626351550827,28403,POST brute,Intensive tasks 1-22,true,28403
1626351551326,28889,POST brute,Intensive tasks 1-23,true,28889
1626351551827,29335,POST brute,Intensive tasks 1-24,true,29335
1626351552826,30482,POST brute,Intensive tasks 1-26,true,30482
1626351553327,30042,POST brute,Intensive tasks 1-27,true,30042
1626351552326,31047,POST brute,Intensive tasks 1-25,true,31047
1626351554325,29542,POST brute,Intensive tasks 1-29,true,29542
1626351553826,30961,POST brute,Intensive tasks 1-28,true,30961
1626351556325,29360,POST brute,Intensive tasks 1-33,true,29360
1626351555326,30375,POST brute,Intensive tasks 1-31,true,30375
1626351554827,30934,POST brute,Intensive tasks 1-30,true,30934
1626351555825,30383,POST brute,Intensive tasks 1-32,true,30383
1626351556826,30941,POST brute,Intensive tasks 1-34,true,30941
1626351557827,39802,POST brute,Intensive tasks 1-36,true,39802
1626351557326,41115,POST brute,Intensive tasks 1-35,true,41115
1626351558326,41240,POST brute,Intensive tasks 1-37,true,41240
1626351558825,44403,POST brute,Intensive tasks 1-38,true,44403
1626351559327,44262,POST brute,Intensive tasks 1-39,true,44262
1626351559826,44218,POST brute,Intensive tasks 1-40,true,44217
1626351562325,44454,POST brute,Intensive tasks 1-45,true,44454
1626351560326,46491,POST brute,Intensive tasks 1-41,true,46491
1626351561326,45750,POST brute,Intensive tasks 1-43,true,45750
1626351560825,46815,POST brute,Intensive tasks 1-42,true,46815
1626351561826,45908,POST brute,Intensive tasks 1-44,true,45908
1626351564326,44078,POST brute,Intensive tasks 1-49,true,44078
1626351562825,45994,POST brute,Intensive tasks 1-46,true,45994
1626351563326,45744,POST brute,Intensive tasks 1-47,true,45744
1626351563826,45918,POST brute,Intensive tasks 1-48,true,45918
1626351564825,45934,POST brute,Intensive tasks 1-50,true,45934
1626351565826,55633,POST brute,Intensive tasks 1-52,true,55633
1626351565326,56672,POST brute,Intensive tasks 1-51,true,56672
1626351566327,56048,POST brute,Intensive tasks 1-53,true,56048
1626351567825,58453,POST brute,Intensive tasks 1-56,true,58453
1626351567326,59349,POST brute,Intensive tasks 1-55,true,59349
1626351566826,60332,POST brute,Intensive tasks 1-54,true,60332
1626351568326,61158,POST brute,Intensive tasks 1-57,true,61158
1626351569326,60373,POST brute,Intensive tasks 1-59,true,60373
1626351572326,57896,POST brute,Intensive tasks 1-65,true,57896
1626351568825,61464,POST brute,Intensive tasks 1-58,true,61464
1626351570325,60111,POST brute,Intensive tasks 1-61,true,60111
1626351569826,61402,POST brute,Intensive tasks 1-60,true,61402
1626351571326,60994,POST brute,Intensive tasks 1-63,true,60994
1626351570825,61574,POST brute,Intensive tasks 1-62,true,61574
1626351571826,61575,POST brute,Intensive tasks 1-64,true,61575
1626351572825,61292,POST brute,Intensive tasks 1-66,true,61292
1626351573839,70771,POST brute,Intensive tasks 1-68,true,70771
1626351574326,70469,POST brute,Intensive tasks 1-69,true,70469
1626351573340,71993,POST brute,Intensive tasks 1-67,true,71993
1626351575836,73889,POST brute,Intensive tasks 1-72,true,73889
1626351575326,74971,POST brute,Intensive tasks 1-71,true,74971
1626351574829,75682,POST brute,Intensive tasks 1-70,true,75682
1626351580326,71414,POST brute,Intensive tasks 1-81,true,71414
1626351576334,76406,POST brute,Intensive tasks 1-73,true,76406
1626351578326,75022,POST brute,Intensive tasks 1-77,true,75022
1626351576825,76694,POST brute,Intensive tasks 1-74,true,76694
1626351577826,75753,POST brute,Intensive tasks 1-76,true,75753
1626351577325,76282,POST brute,Intensive tasks 1-75,true,76282
1626351578827,76471,POST brute,Intensive tasks 1-78,true,76471
1626351579327,76543,POST brute,Intensive tasks 1-79,true,76543
1626351579825,76908,POST brute,Intensive tasks 1-80,true,76908
1626351580825,76550,POST brute,Intensive tasks 1-82,true,76550
1626351582325,84637,POST brute,Intensive tasks 1-85,true,84637
1626351581826,86340,POST brute,Intensive tasks 1-84,true,86340
1626351581325,87333,POST brute,Intensive tasks 1-83,true,87333
1626351583828,88838,POST brute,Intensive tasks 1-88,true,88838
1626351582826,90267,POST brute,Intensive tasks 1-86,true,90267
1626351583326,90034,POST brute,Intensive tasks 1-87,true,90034
1626351588325,85535,POST brute,Intensive tasks 1-97,true,85535
1626351586325,89668,POST brute,Intensive tasks 1-93,true,89668
1626351584326,92041,POST brute,Intensive tasks 1-89,true,92041
1626351585826,90558,POST brute,Intensive tasks 1-92,true,90558
1626351584826,92020,POST brute,Intensive tasks 1-90,true,92020
1626351585326,91893,POST brute,Intensive tasks 1-91,true,91893
1626351586826,91093,POST brute,Intensive tasks 1-94,true,91092
1626351587326,91772,POST brute,Intensive tasks 1-95,true,91772
1626351588826,90607,POST brute,Intensive tasks 1-98,true,90607
1626351587825,92289,POST brute,Intensive tasks 1-96,true,92289
1626351590326,99752,POST brute,Intensive tasks 1-101,true,99752
1626351589826,101257,POST brute,Intensive tasks 1-100,true,101257
1626351589325,101834,POST brute,Intensive tasks 1-99,true,101834
1626351591826,103524,POST brute,Intensive tasks 1-104,true,103524
1626351591325,104295,POST brute,Intensive tasks 1-103,true,104295
1626351590833,105669,POST brute,Intensive tasks 1-102,true,105668
1626351596326,100224,POST brute,Intensive tasks 1-113,true,100223
1626351594326,103957,POST brute,Intensive tasks 1-109,true,103957
1626351593825,104922,POST brute,Intensive tasks 1-108,true,104922
1626351592326,106790,POST brute,Intensive tasks 1-105,true,106790
1626351592825,106645,POST brute,Intensive tasks 1-106,true,106645
1626351593325,107193,POST brute,Intensive tasks 1-107,true,107193
1626351594825,105997,POST brute,Intensive tasks 1-110,true,105997
1626351596825,104839,POST brute,Intensive tasks 1-114,true,104839
1626351595325,107242,POST brute,Intensive tasks 1-111,true,107242
1626351595827,107592,POST brute,Intensive tasks 1-112,true,107592
1626351598325,114298,POST brute,Intensive tasks 1-117,true,114298
1626351597325,117099,POST brute,Intensive tasks 1-115,true,117099
1626351597826,116944,POST brute,Intensive tasks 1-116,true,116944
1626351599827,118338,POST brute,Intensive tasks 1-120,true,118338
1626351599327,118863,POST brute,Intensive tasks 1-119,true,118863
1626351604337,113868,POST brute,Intensive tasks 1-129,true,113868
1626351598825,121468,POST brute,Intensive tasks 1-118,true,121468
1626351602327,118034,POST brute,Intensive tasks 1-125,true,118034
1626351600326,120937,POST brute,Intensive tasks 1-121,true,120937
1626351601826,120072,POST brute,Intensive tasks 1-124,true,120072
1626351600826,122221,POST brute,Intensive tasks 1-122,true,122221
1626351602826,120222,POST brute,Intensive tasks 1-126,true,120222
1626351601326,122927,POST brute,Intensive tasks 1-123,true,122927
1626351604825,119675,POST brute,Intensive tasks 1-130,true,119675
1626351603327,123105,POST brute,Intensive tasks 1-127,true,123105
1626351603829,122720,POST brute,Intensive tasks 1-128,true,122720
1626351606325,128075,POST brute,Intensive tasks 1-133,true,128075
1626351605325,131361,POST brute,Intensive tasks 1-131,true,131361
1626351605826,132270,POST brute,Intensive tasks 1-132,true,132270
1626351612325,127639,POST brute,Intensive tasks 1-145,true,127639
1626351607826,132168,POST brute,Intensive tasks 1-136,true,132168
1626351607325,133540,POST brute,Intensive tasks 1-135,true,133540
1626351610326,131714,POST brute,Intensive tasks 1-141,true,131714
1626351608326,135542,POST brute,Intensive tasks 1-137,true,135542
1626351606824,137416,POST brute,Intensive tasks 1-134,true,137416
1626351609825,134720,POST brute,Intensive tasks 1-140,true,134720
1626351608826,137320,POST brute,Intensive tasks 1-138,true,137320
1626351612825,133674,POST brute,Intensive tasks 1-146,true,133674
1626351610838,135767,POST brute,Intensive tasks 1-142,true,135767
1626351609325,138367,POST brute,Intensive tasks 1-139,true,138367
1626351611825,138087,POST brute,Intensive tasks 1-144,true,138087
1626351611326,138599,POST brute,Intensive tasks 1-143,true,138599
1626351614326,142611,POST brute,Intensive tasks 1-149,true,142611
1626351613325,146778,POST brute,Intensive tasks 1-147,true,146778
1626351613827,146584,POST brute,Intensive tasks 1-148,true,146584
1626351620325,142026,POST brute,Intensive tasks 1-161,true,142026
1626351615826,147164,POST brute,Intensive tasks 1-152,true,147164
1626351615326,148600,POST brute,Intensive tasks 1-151,true,148600
1626351618326,145841,POST brute,Intensive tasks 1-157,true,145841
1626351614825,152309,POST brute,Intensive tasks 1-150,true,152309
1626351616326,150865,POST brute,Intensive tasks 1-153,true,150865
1626351617826,150003,POST brute,Intensive tasks 1-156,true,150003
1626351616827,152332,POST brute,Intensive tasks 1-154,true,152332
1626351618826,150908,POST brute,Intensive tasks 1-158,true,150908
1626351620824,149000,POST brute,Intensive tasks 1-162,true,149000
1626351617327,152808,POST brute,Intensive tasks 1-155,true,152808
1626351619826,152939,POST brute,Intensive tasks 1-160,true,152939
1626351619326,153508,POST brute,Intensive tasks 1-159,true,153507
1626351622325,156342,POST brute,Intensive tasks 1-165,true,156342
1626351621825,161204,POST brute,Intensive tasks 1-164,true,161204
1626351621325,161967,POST brute,Intensive tasks 1-163,true,161967
1626351623826,161043,POST brute,Intensive tasks 1-168,true,161043
1626351628324,156649,POST brute,Intensive tasks 1-177,true,156649
1626351626333,159995,POST brute,Intensive tasks 1-173,true,159995
1626351623326,163845,POST brute,Intensive tasks 1-167,true,163845
1626351624326,164913,POST brute,Intensive tasks 1-169,true,164913
1626351622825,166767,POST brute,Intensive tasks 1-166,true,166767
1626351625825,165484,POST brute,Intensive tasks 1-172,true,165484
1626351624825,167843,POST brute,Intensive tasks 1-170,true,167843
1626351628825,163913,POST brute,Intensive tasks 1-178,true,163913
1626351625325,168000,POST brute,Intensive tasks 1-171,true,168000
1626351626826,166554,POST brute,Intensive tasks 1-174,true,166554
1626351627824,167426,POST brute,Intensive tasks 1-176,true,167426
1626351627326,168818,POST brute,Intensive tasks 1-175,true,168818
1626351630326,170331,POST brute,Intensive tasks 1-181,true,170331
1626351629326,177222,POST brute,Intensive tasks 1-179,true,177222
1626351636334,170333,POST brute,Intensive tasks 1-193,true,170333
1626351629827,177157,POST brute,Intensive tasks 1-180,true,177157
1626351631825,175579,POST brute,Intensive tasks 1-184,true,175579
1626351634338,174462,POST brute,Intensive tasks 1-189,true,174462
1626351631328,178357,POST brute,Intensive tasks 1-183,true,178357
1626351632326,179160,POST brute,Intensive tasks 1-185,true,179160
1626351630825,181578,POST brute,Intensive tasks 1-182,true,181578
1626351633825,179413,POST brute,Intensive tasks 1-188,true,179413
1626351636833,177214,POST brute,Intensive tasks 1-194,true,177214
1626351632826,181483,POST brute,Intensive tasks 1-186,true,181483
1626351634826,180017,POST brute,Intensive tasks 1-190,true,180017
1626351633325,181657,POST brute,Intensive tasks 1-187,true,181657
1626351635834,179896,POST brute,Intensive tasks 1-192,true,179896
1626351635327,180430,POST brute,Intensive tasks 1-191,true,180430
1626351638327,179052,POST brute,Intensive tasks 1-197,true,179052
1626351637327,182029,POST brute,Intensive tasks 1-195,true,182029
1626351637826,181673,POST brute,Intensive tasks 1-196,true,181673
1626351639825,179837,POST brute,Intensive tasks 1-200,true,179837
1626351639326,180690,POST brute,Intensive tasks 1-199,true,180690
1626351638825,181672,POST brute,Intensive tasks 1-198,true,181672
