timeStamp,elapsed,label,threadName,success,Latency
1626341161844,9057,POST brute,Intensive tasks 1-2,true,9055
1626341161471,10554,POST brute,Intensive tasks 1-1,true,10554
1626341162840,9362,POST brute,Intensive tasks 1-4,true,9362
1626341163341,9828,POST brute,Intensive tasks 1-5,true,9828
1626341162342,11903,POST brute,Intensive tasks 1-3,true,11903
1626341163841,13662,POST brute,Intensive tasks 1-6,true,13662
1626341164355,15348,POST brute,Intensive tasks 1-7,true,15348
1626341164841,16563,POST brute,Intensive tasks 1-8,true,16563
1626341165341,18193,POST brute,Intensive tasks 1-9,true,18193
1626341165839,19779,POST brute,Intensive tasks 1-10,true,19779
1626341169854,16313,POST brute,Intensive tasks 1-18,true,16313
1626341166340,20078,POST brute,Intensive tasks 1-11,true,20078
1626341166841,20153,POST brute,Intensive tasks 1-12,true,20153
1626341170840,16790,POST brute,Intensive tasks 1-20,true,16790
1626341169341,18754,POST brute,Intensive tasks 1-17,true,18754
1626341167339,20961,POST brute,Intensive tasks 1-13,true,20961
1626341171340,18111,POST brute,Intensive tasks 1-21,true,18111
1626341167843,22261,POST brute,Intensive tasks 1-14,true,22261
1626341170350,21181,POST brute,Intensive tasks 1-19,true,21181
1626341168341,23291,POST brute,Intensive tasks 1-15,true,23291
1626341168840,22975,POST brute,Intensive tasks 1-16,true,22975
1626341171839,26271,POST brute,Intensive tasks 1-22,true,26271
1626341172339,27652,POST brute,Intensive tasks 1-23,true,27652
1626341172840,29741,POST brute,Intensive tasks 1-24,true,29741
1626341173340,32363,POST brute,Intensive tasks 1-25,true,32362
1626341173845,33767,POST brute,Intensive tasks 1-26,true,33767
1626341174340,34522,POST brute,Intensive tasks 1-27,true,34522
1626341177840,31265,POST brute,Intensive tasks 1-34,true,31265
1626341177341,32735,POST brute,Intensive tasks 1-33,true,32735
1626341174839,35365,POST brute,Intensive tasks 1-28,true,35365
1626341175340,35600,POST brute,Intensive tasks 1-29,true,35600
1626341179340,31775,POST brute,Intensive tasks 1-37,true,31775
1626341178841,32424,POST brute,Intensive tasks 1-36,true,32424
1626341175839,37795,POST brute,Intensive tasks 1-30,true,37795
1626341178339,35989,POST brute,Intensive tasks 1-35,true,35989
1626341176339,38030,POST brute,Intensive tasks 1-31,true,38030
1626341176841,37958,POST brute,Intensive tasks 1-32,true,37958
1626341179839,40749,POST brute,Intensive tasks 1-38,true,40749
1626341180340,42018,POST brute,Intensive tasks 1-39,true,42018
1626341180839,45016,POST brute,Intensive tasks 1-40,true,45016
1626341181341,47068,POST brute,Intensive tasks 1-41,true,47067
1626341181840,48738,POST brute,Intensive tasks 1-42,true,48738
1626341182339,49416,POST brute,Intensive tasks 1-43,true,49416
1626341185840,46175,POST brute,Intensive tasks 1-50,true,46175
1626341185339,47344,POST brute,Intensive tasks 1-49,true,47344
1626341187339,45666,POST brute,Intensive tasks 1-53,true,45666
1626341182839,50513,POST brute,Intensive tasks 1-44,true,50513
1626341183339,50138,POST brute,Intensive tasks 1-45,true,50138
1626341186840,47481,POST brute,Intensive tasks 1-52,true,47481
1626341186340,49573,POST brute,Intensive tasks 1-51,true,49573
1626341183840,52175,POST brute,Intensive tasks 1-46,true,52175
1626341184350,52481,POST brute,Intensive tasks 1-47,true,52481
1626341184839,52571,POST brute,Intensive tasks 1-48,true,52571
1626341187839,55869,POST brute,Intensive tasks 1-54,true,55869
1626341188340,57057,POST brute,Intensive tasks 1-55,true,57057
1626341188840,59878,POST brute,Intensive tasks 1-56,true,59878
1626341189340,61343,POST brute,Intensive tasks 1-57,true,61343
1626341190340,63613,POST brute,Intensive tasks 1-59,true,63613
1626341195340,59231,POST brute,Intensive tasks 1-69,true,59231
1626341189839,64752,POST brute,Intensive tasks 1-58,true,64752
1626341193841,61537,POST brute,Intensive tasks 1-66,true,61537
1626341193341,62610,POST brute,Intensive tasks 1-65,true,62610
1626341190839,65428,POST brute,Intensive tasks 1-60,true,65428
1626341191340,64976,POST brute,Intensive tasks 1-61,true,64976
1626341194840,63089,POST brute,Intensive tasks 1-68,true,63089
1626341194341,63631,POST brute,Intensive tasks 1-67,true,63631
1626341191841,66698,POST brute,Intensive tasks 1-62,true,66698
1626341192339,67428,POST brute,Intensive tasks 1-63,true,67428
1626341192840,67878,POST brute,Intensive tasks 1-64,true,67878
1626341195842,70308,POST brute,Intensive tasks 1-70,true,70308
1626341196342,72122,POST brute,Intensive tasks 1-71,true,72122
1626341196840,74489,POST brute,Intensive tasks 1-72,true,74489
1626341197340,76169,POST brute,Intensive tasks 1-73,true,76169
1626341198340,78318,POST brute,Intensive tasks 1-75,true,78318
1626341203340,74080,POST brute,Intensive tasks 1-85,true,74080
1626341201840,75979,POST brute,Intensive tasks 1-82,true,75979
1626341201340,76574,POST brute,Intensive tasks 1-81,true,76574
1626341197839,80088,POST brute,Intensive tasks 1-74,true,80088
1626341198841,80233,POST brute,Intensive tasks 1-76,true,80233
1626341199339,80547,POST brute,Intensive tasks 1-77,true,80547
1626341202339,77927,POST brute,Intensive tasks 1-83,true,77927
1626341202841,78245,POST brute,Intensive tasks 1-84,true,78245
1626341200340,81564,POST brute,Intensive tasks 1-79,true,81564
1626341199839,82279,POST brute,Intensive tasks 1-78,true,82279
1626341200839,82482,POST brute,Intensive tasks 1-80,true,82482
1626341203840,85051,POST brute,Intensive tasks 1-86,true,85051
1626341204339,87751,POST brute,Intensive tasks 1-87,true,87751
1626341204840,89348,POST brute,Intensive tasks 1-88,true,89348
1626341205341,90919,POST brute,Intensive tasks 1-89,true,90919
1626341211340,88673,POST brute,Intensive tasks 1-101,true,88673
1626341209339,90790,POST brute,Intensive tasks 1-97,true,90790
1626341209840,90658,POST brute,Intensive tasks 1-98,true,90658
1626341206340,94312,POST brute,Intensive tasks 1-91,true,94312
1626341205839,94907,POST brute,Intensive tasks 1-90,true,94907
1626341206840,94904,POST brute,Intensive tasks 1-92,true,94904
1626341207339,95005,POST brute,Intensive tasks 1-93,true,95005
1626341208340,95090,POST brute,Intensive tasks 1-95,true,95090
1626341210340,93699,POST brute,Intensive tasks 1-99,true,93699
1626341210840,94071,POST brute,Intensive tasks 1-100,true,94071
1626341207840,97360,POST brute,Intensive tasks 1-94,true,97360
1626341208840,97014,POST brute,Intensive tasks 1-96,true,97014
1626341211840,99697,POST brute,Intensive tasks 1-102,true,99697
1626341212340,103642,POST brute,Intensive tasks 1-103,true,103642
1626341212840,103272,POST brute,Intensive tasks 1-104,true,103272
1626341213341,104568,POST brute,Intensive tasks 1-105,true,104568
1626341219339,102546,POST brute,Intensive tasks 1-117,true,102546
1626341217341,105208,POST brute,Intensive tasks 1-113,true,105208
1626341213840,109201,POST brute,Intensive tasks 1-106,true,109201
1626341214340,108911,POST brute,Intensive tasks 1-107,true,108911
1626341217840,105876,POST brute,Intensive tasks 1-114,true,105876
1626341214839,109418,POST brute,Intensive tasks 1-108,true,109418
1626341215341,109123,POST brute,Intensive tasks 1-109,true,109123
1626341216339,109431,POST brute,Intensive tasks 1-111,true,109431
1626341218340,108053,POST brute,Intensive tasks 1-115,true,108053
1626341215840,112222,POST brute,Intensive tasks 1-110,true,112222
1626341218840,109724,POST brute,Intensive tasks 1-116,true,109724
1626341216839,111738,POST brute,Intensive tasks 1-112,true,111738
1626341219840,114830,POST brute,Intensive tasks 1-118,true,114830
1626341220339,118090,POST brute,Intensive tasks 1-119,true,118090
1626341220840,118707,POST brute,Intensive tasks 1-120,true,118707
1626341221339,118408,POST brute,Intensive tasks 1-121,true,118408
1626341227339,116015,POST brute,Intensive tasks 1-133,true,116015
1626341225339,119610,POST brute,Intensive tasks 1-129,true,119609
1626341222340,123966,POST brute,Intensive tasks 1-123,true,123966
1626341221840,124938,POST brute,Intensive tasks 1-122,true,124938
1626341225839,121146,POST brute,Intensive tasks 1-130,true,121146
1626341222839,124170,POST brute,Intensive tasks 1-124,true,124170
1626341223340,124582,POST brute,Intensive tasks 1-125,true,124582
1626341226340,122340,POST brute,Intensive tasks 1-131,true,122340
1626341224340,125436,POST brute,Intensive tasks 1-127,true,125436
1626341223840,127128,POST brute,Intensive tasks 1-126,true,127128
1626341226840,125211,POST brute,Intensive tasks 1-132,true,125211
1626341224841,127366,POST brute,Intensive tasks 1-128,true,127366
1626341227840,130143,POST brute,Intensive tasks 1-134,true,130143
1626341228340,132528,POST brute,Intensive tasks 1-135,true,132528
1626341228840,133403,POST brute,Intensive tasks 1-136,true,133403
1626341229339,133734,POST brute,Intensive tasks 1-137,true,133734
1626341235339,129526,POST brute,Intensive tasks 1-149,true,129526
1626341233345,134247,POST brute,Intensive tasks 1-145,true,134247
1626341230339,138264,POST brute,Intensive tasks 1-139,true,138264
1626341230840,138083,POST brute,Intensive tasks 1-140,true,138083
1626341233840,136100,POST brute,Intensive tasks 1-146,true,136099
1626341229840,140437,POST brute,Intensive tasks 1-138,true,140437
1626341234339,136026,POST brute,Intensive tasks 1-147,true,136026
1626341231340,139510,POST brute,Intensive tasks 1-141,true,139510
1626341232340,140922,POST brute,Intensive tasks 1-143,true,140922
1626341231838,142089,POST brute,Intensive tasks 1-142,true,142089
1626341232841,142023,POST brute,Intensive tasks 1-144,true,142023
1626341234840,140635,POST brute,Intensive tasks 1-148,true,140634
1626341235840,145840,POST brute,Intensive tasks 1-150,true,145840
1626341236340,146455,POST brute,Intensive tasks 1-151,true,146455
1626341236840,148488,POST brute,Intensive tasks 1-152,true,148488
1626341237339,148405,POST brute,Intensive tasks 1-153,true,148405
1626341243339,143327,POST brute,Intensive tasks 1-165,true,143327
1626341241339,148581,POST brute,Intensive tasks 1-161,true,148581
1626341238339,153011,POST brute,Intensive tasks 1-155,true,153011
1626341237840,154679,POST brute,Intensive tasks 1-154,true,154678
1626341238839,154068,POST brute,Intensive tasks 1-156,true,154068
1626341239340,153988,POST brute,Intensive tasks 1-157,true,153988
1626341241839,151617,POST brute,Intensive tasks 1-162,true,151616
1626341242340,151254,POST brute,Intensive tasks 1-163,true,151254
1626341240340,155863,POST brute,Intensive tasks 1-159,true,155863
1626341239840,157405,POST brute,Intensive tasks 1-158,true,157405
1626341240840,156909,POST brute,Intensive tasks 1-160,true,156909
1626341242840,155058,POST brute,Intensive tasks 1-164,true,155058
1626341243841,160535,POST brute,Intensive tasks 1-166,true,160535
1626341244341,161052,POST brute,Intensive tasks 1-167,true,161052
1626341244840,162895,POST brute,Intensive tasks 1-168,true,162895
1626341251339,157434,POST brute,Intensive tasks 1-181,true,157434
1626341245340,163699,POST brute,Intensive tasks 1-169,true,163699
1626341249341,162864,POST brute,Intensive tasks 1-177,true,162864
1626341246339,167909,POST brute,Intensive tasks 1-171,true,167909
1626341245839,170006,POST brute,Intensive tasks 1-170,true,170006
1626341250339,165762,POST brute,Intensive tasks 1-179,true,165762
1626341249840,166762,POST brute,Intensive tasks 1-178,true,166762
1626341247340,169348,POST brute,Intensive tasks 1-173,true,169348
1626341246841,170005,POST brute,Intensive tasks 1-172,true,170005
1626341248340,170222,POST brute,Intensive tasks 1-175,true,170222
1626341250840,168977,POST brute,Intensive tasks 1-180,true,168977
1626341248839,171464,POST brute,Intensive tasks 1-176,true,171464
1626341247840,173223,POST brute,Intensive tasks 1-174,true,173223
1626341251838,175359,POST brute,Intensive tasks 1-182,true,175359
1626341252339,176081,POST brute,Intensive tasks 1-183,true,176081
1626341252839,177196,POST brute,Intensive tasks 1-184,true,177196
1626341253338,177937,POST brute,Intensive tasks 1-185,true,177937
1626341259339,172292,POST brute,Intensive tasks 1-197,true,172292
1626341257339,177094,POST brute,Intensive tasks 1-193,true,177094
1626341254339,181959,POST brute,Intensive tasks 1-187,true,181959
1626341253840,183063,POST brute,Intensive tasks 1-186,true,183063
1626341255340,181858,POST brute,Intensive tasks 1-189,true,181858
1626341258340,179208,POST brute,Intensive tasks 1-195,true,179208
1626341254839,183194,POST brute,Intensive tasks 1-188,true,183194
1626341257841,180307,POST brute,Intensive tasks 1-194,true,180307
1626341256339,182348,POST brute,Intensive tasks 1-191,true,182348
1626341258847,180032,POST brute,Intensive tasks 1-196,true,180032
1626341256839,182449,POST brute,Intensive tasks 1-192,true,182449
1626341255840,183731,POST brute,Intensive tasks 1-190,true,183731
1626341259839,180867,POST brute,Intensive tasks 1-198,true,180867
1626341260340,180633,POST brute,Intensive tasks 1-199,true,180633
1626341260839,180291,POST brute,Intensive tasks 1-200,true,180291
