timeStamp,elapsed,label,threadName,success,Latency
1626348913694,6437,POST brute,Intensive tasks 1-2,true,6418
1626348913315,6813,POST brute,Intensive tasks 1-1,true,6799
1626348914192,8810,POST brute,Intensive tasks 1-3,true,8807
1626348914691,8597,POST brute,Intensive tasks 1-4,true,8590
1626348915190,9780,POST brute,Intensive tasks 1-5,true,9760
1626348915692,10598,POST brute,Intensive tasks 1-6,true,10573
1626348916190,12234,POST brute,Intensive tasks 1-7,true,12233
1626348916703,13729,POST brute,Intensive tasks 1-8,true,13725
1626348917198,13953,POST brute,Intensive tasks 1-9,true,13950
1626348917689,15797,POST brute,Intensive tasks 1-10,true,15795
1626348918190,17811,POST brute,Intensive tasks 1-11,true,17809
1626348919189,17887,POST brute,Intensive tasks 1-13,true,17885
1626348918690,18981,POST brute,Intensive tasks 1-12,true,18979
1626348919694,22492,POST brute,Intensive tasks 1-14,true,22491
1626348920190,25908,POST brute,Intensive tasks 1-15,true,25907
1626348920690,25813,POST brute,Intensive tasks 1-16,true,25811
1626348921190,33383,POST brute,Intensive tasks 1-17,true,33381
1626348933190,48617,POST brute,Intensive tasks 1-41,true,48615
1626348921690,67023,POST brute,Intensive tasks 1-18,true,67020
1626348927190,64646,POST brute,Intensive tasks 1-29,true,64640
1626348925189,66706,POST brute,Intensive tasks 1-25,true,66705
1626348924690,85702,POST brute,Intensive tasks 1-24,true,85696
1626348928690,84206,POST brute,Intensive tasks 1-32,true,84199
1626348922189,95172,POST brute,Intensive tasks 1-19,true,95171
1626348925689,96142,POST brute,Intensive tasks 1-26,true,96141
1626348923689,99968,POST brute,Intensive tasks 1-22,true,99966
1626348924189,102894,POST brute,Intensive tasks 1-23,true,102893
1626348932690,94673,POST brute,Intensive tasks 1-40,true,94671
1626348923190,113699,POST brute,Intensive tasks 1-21,true,113694
1626348927689,111120,POST brute,Intensive tasks 1-30,true,111119
1626348926190,117116,POST brute,Intensive tasks 1-27,true,117115
1626348940190,104799,POST brute,Intensive tasks 1-55,true,104799
1626348931190,119982,POST brute,Intensive tasks 1-37,true,119980
1626348933689,118421,POST brute,Intensive tasks 1-42,true,118419
1626348935689,118784,POST brute,Intensive tasks 1-46,true,118782
1626348929690,130154,POST brute,Intensive tasks 1-34,true,130154
1626348922691,142066,POST brute,Intensive tasks 1-20,true,142066
1626348928191,144922,POST brute,Intensive tasks 1-31,true,144920
1626348929189,147101,POST brute,Intensive tasks 1-33,true,147100
1626348939689,139088,POST brute,Intensive tasks 1-54,true,139085
1626348957196,122003,POST brute,Intensive tasks 1-89,true,122001
1626348934189,146101,POST brute,Intensive tasks 1-43,true,146101
1626348926691,159776,POST brute,Intensive tasks 1-28,true,159774
1626348936189,152647,POST brute,Intensive tasks 1-47,true,152646
1626348931690,163185,POST brute,Intensive tasks 1-38,true,163183
1626348947690,151263,POST brute,Intensive tasks 1-70,true,151261
1626348930191,169672,POST brute,Intensive tasks 1-35,true,169670
1626348938199,166135,POST brute,Intensive tasks 1-51,true,166133
1626348930703,174850,POST brute,Intensive tasks 1-36,true,174849
1626348935190,172562,POST brute,Intensive tasks 1-45,true,172560
1626349006689,104123,POST brute,Intensive tasks 1-188,true,104120
1626348956702,154498,POST brute,Intensive tasks 1-88,true,154484
1626348937690,174310,POST brute,Intensive tasks 1-50,true,174303
1626348960191,152128,POST brute,Intensive tasks 1-95,true,152128
1626348932191,180907,POST brute,Intensive tasks 1-39,true,180907
1626348941190,174087,POST brute,Intensive tasks 1-57,true,174084
1626348990189,125835,POST brute,Intensive tasks 1-155,true,125834
1626348937190,181450,POST brute,Intensive tasks 1-49,true,181449
1626348983191,136645,POST brute,Intensive tasks 1-141,true,136644
1626348938689,183212,POST brute,Intensive tasks 1-52,true,183203
1626348945689,176374,POST brute,Intensive tasks 1-66,true,176373
1626348972689,155683,POST brute,Intensive tasks 1-120,true,155681
1626348952189,176371,POST brute,Intensive tasks 1-79,true,176370
1626348943690,187630,POST brute,Intensive tasks 1-62,true,187629
1626348942690,189540,POST brute,Intensive tasks 1-60,true,189538
1626348956189,177657,POST brute,Intensive tasks 1-87,true,177623
1626348963690,173115,POST brute,Intensive tasks 1-102,true,173114
1626348958191,178703,POST brute,Intensive tasks 1-91,true,178702
1626348961689,175419,POST brute,Intensive tasks 1-98,true,175411
1626348946190,192228,POST brute,Intensive tasks 1-67,true,192227
1626348994690,143913,POST brute,Intensive tasks 1-164,true,143913
1626348934690,204188,POST brute,Intensive tasks 1-44,true,204183
1626348966689,172592,POST brute,Intensive tasks 1-108,true,172591
1626348943191,196807,POST brute,Intensive tasks 1-61,true,196805
1626348953190,189518,POST brute,Intensive tasks 1-81,true,189517
1626348941690,201453,POST brute,Intensive tasks 1-58,true,201451
1626348955690,188101,POST brute,Intensive tasks 1-86,true,188098
1626348936689,207280,POST brute,Intensive tasks 1-48,true,207277
1626348984690,159666,POST brute,Intensive tasks 1-144,true,159665
1626348993189,152158,POST brute,Intensive tasks 1-161,true,152158
1626348951190,195136,POST brute,Intensive tasks 1-77,true,195135
1626348996189,150241,POST brute,Intensive tasks 1-167,true,150240
1626348942189,204693,POST brute,Intensive tasks 1-59,true,204693
1626348968190,179110,POST brute,Intensive tasks 1-111,true,179108
1626348992202,155735,POST brute,Intensive tasks 1-159,true,155734
1626348979690,169365,POST brute,Intensive tasks 1-134,true,169364
1626348949191,200471,POST brute,Intensive tasks 1-73,true,200469
1626348944691,206070,POST brute,Intensive tasks 1-64,true,206069
1626348944189,209099,POST brute,Intensive tasks 1-63,true,209097
1626348947190,206329,POST brute,Intensive tasks 1-69,true,206328
1626348948189,205866,POST brute,Intensive tasks 1-71,true,205864
1626348955191,199116,POST brute,Intensive tasks 1-85,true,199115
1626349001691,152668,POST brute,Intensive tasks 1-178,true,152667
1626348986690,167918,POST brute,Intensive tasks 1-148,true,167917
1626348962189,192751,POST brute,Intensive tasks 1-99,true,192749
1626348953691,201643,POST brute,Intensive tasks 1-82,true,201641
1626348962690,192909,POST brute,Intensive tasks 1-100,true,192908
1626348990689,165658,POST brute,Intensive tasks 1-156,true,165656
1626348948690,208308,POST brute,Intensive tasks 1-72,true,208308
1626348969690,187352,POST brute,Intensive tasks 1-114,true,187351
1626348946690,211629,POST brute,Intensive tasks 1-68,true,211627
1626348949689,211169,POST brute,Intensive tasks 1-74,true,211168
1626348976690,184327,POST brute,Intensive tasks 1-128,true,184326
1626349001189,159830,POST brute,Intensive tasks 1-177,true,159829
1626348981690,179724,POST brute,Intensive tasks 1-138,true,179722
1626348940690,220863,POST brute,Intensive tasks 1-56,true,220862
1626349011189,151168,POST brute,Intensive tasks 1-197,true,151167
1626348959189,203591,POST brute,Intensive tasks 1-93,true,203583
1626349002690,160384,POST brute,Intensive tasks 1-180,true,160383
1626348973690,190338,POST brute,Intensive tasks 1-122,true,190337
1626348974190,192282,POST brute,Intensive tasks 1-123,true,192280
1626348976191,191069,POST brute,Intensive tasks 1-127,true,191063
1626348964688,202774,POST brute,Intensive tasks 1-104,true,202773
1626348968690,199330,POST brute,Intensive tasks 1-112,true,199329
1626348965189,202897,POST brute,Intensive tasks 1-105,true,202891
1626348969189,199218,POST brute,Intensive tasks 1-113,true,199216
1626348950690,218035,POST brute,Intensive tasks 1-76,true,218033
1626348939189,230096,POST brute,Intensive tasks 1-53,true,230094
1626348980691,188849,POST brute,Intensive tasks 1-136,true,188840
1626348997690,172378,POST brute,Intensive tasks 1-170,true,172374
1626348979190,190929,POST brute,Intensive tasks 1-133,true,190925
1626348971191,199259,POST brute,Intensive tasks 1-117,true,199254
1626348966189,204617,POST brute,Intensive tasks 1-107,true,204616
1626348977189,193969,POST brute,Intensive tasks 1-129,true,193967
1626348961189,210220,POST brute,Intensive tasks 1-97,true,210219
1626348951689,220349,POST brute,Intensive tasks 1-78,true,220348
1626348971690,200858,POST brute,Intensive tasks 1-118,true,200851
1626348958690,214031,POST brute,Intensive tasks 1-92,true,214028
1626348967189,205682,POST brute,Intensive tasks 1-109,true,205674
1626348974689,199878,POST brute,Intensive tasks 1-124,true,199873
1626348983690,191149,POST brute,Intensive tasks 1-142,true,191149
1626348991189,183840,POST brute,Intensive tasks 1-157,true,183840
1626348981189,194084,POST brute,Intensive tasks 1-137,true,194083
1626348987189,188432,POST brute,Intensive tasks 1-149,true,188431
1626348991690,184221,POST brute,Intensive tasks 1-158,true,184214
1626348995203,181044,POST brute,Intensive tasks 1-165,true,181042
1626348988190,188425,POST brute,Intensive tasks 1-151,true,188423
1626349010190,166512,POST brute,Intensive tasks 1-195,true,166510
1626348954689,222263,POST brute,Intensive tasks 1-84,true,222261
1626348998690,178265,POST brute,Intensive tasks 1-172,true,178263
1626348950189,227364,POST brute,Intensive tasks 1-75,true,227359
1626348970189,208102,POST brute,Intensive tasks 1-115,true,208101
1626348964189,214518,POST brute,Intensive tasks 1-103,true,214517
1626348952690,226345,POST brute,Intensive tasks 1-80,true,226344
1626348996689,182870,POST brute,Intensive tasks 1-168,true,182868
1626348954189,225507,POST brute,Intensive tasks 1-83,true,225505
1626348970689,209230,POST brute,Intensive tasks 1-116,true,209228
1626348959689,220397,POST brute,Intensive tasks 1-94,true,220396
1626348989190,192452,POST brute,Intensive tasks 1-153,true,192451
1626348975690,205953,POST brute,Intensive tasks 1-126,true,205952
1626348989690,192221,POST brute,Intensive tasks 1-154,true,192220
1626348980191,201996,POST brute,Intensive tasks 1-135,true,201995
1626348992689,189792,POST brute,Intensive tasks 1-160,true,189783
1626348977689,206257,POST brute,Intensive tasks 1-130,true,206255
1626348963190,220886,POST brute,Intensive tasks 1-101,true,220884
1626349003689,180543,POST brute,Intensive tasks 1-182,true,180542
1626348994190,190145,POST brute,Intensive tasks 1-163,true,190143
1626348988691,195872,POST brute,Intensive tasks 1-152,true,195871
1626348978690,205875,POST brute,Intensive tasks 1-132,true,205872
1626348972189,212469,POST brute,Intensive tasks 1-119,true,212439
1626348982690,202610,POST brute,Intensive tasks 1-140,true,202607
1626349009688,175671,POST brute,Intensive tasks 1-194,true,175669
1626348999689,186017,POST brute,Intensive tasks 1-174,true,186016
1626348985191,200956,POST brute,Intensive tasks 1-145,true,200955
1626349012690,173691,POST brute,Intensive tasks 1-200,true,173689
1626348986190,200308,POST brute,Intensive tasks 1-147,true,200306
1626348984189,202320,POST brute,Intensive tasks 1-143,true,202309
1626348975189,211595,POST brute,Intensive tasks 1-125,true,211593
1626348967689,219109,POST brute,Intensive tasks 1-110,true,219107
1626349008698,178167,POST brute,Intensive tasks 1-192,true,178164
1626348987690,199180,POST brute,Intensive tasks 1-150,true,199169
1626349003189,183749,POST brute,Intensive tasks 1-181,true,183748
1626348945199,242495,POST brute,Intensive tasks 1-65,true,242493
1626349010690,177654,POST brute,Intensive tasks 1-196,true,177652
1626348997190,191275,POST brute,Intensive tasks 1-169,true,191274
1626349011695,176770,POST brute,Intensive tasks 1-198,true,176770
1626348998188,190283,POST brute,Intensive tasks 1-171,true,190282
1626349005696,182998,POST brute,Intensive tasks 1-186,true,182997
1626348985691,203028,POST brute,Intensive tasks 1-146,true,203019
1626348995689,193073,POST brute,Intensive tasks 1-166,true,193071
1626349004691,184089,POST brute,Intensive tasks 1-184,true,184087
1626349005189,183807,POST brute,Intensive tasks 1-185,true,183805
1626349012190,176809,POST brute,Intensive tasks 1-199,true,176808
1626348965689,223383,POST brute,Intensive tasks 1-106,true,223374
1626349004205,185292,POST brute,Intensive tasks 1-183,true,185290
1626348957690,231819,POST brute,Intensive tasks 1-90,true,231816
1626349007189,182417,POST brute,Intensive tasks 1-189,true,182415
1626349008191,181461,POST brute,Intensive tasks 1-191,true,181460
1626348999188,190469,POST brute,Intensive tasks 1-173,true,190467
1626349002190,187502,POST brute,Intensive tasks 1-179,true,187500
1626348960690,229324,POST brute,Intensive tasks 1-96,true,229322
1626348973190,216842,POST brute,Intensive tasks 1-121,true,216839
1626349006191,183915,POST brute,Intensive tasks 1-187,true,183914
1626348978190,211918,POST brute,Intensive tasks 1-131,true,211918
1626349000191,190313,POST brute,Intensive tasks 1-175,true,190312
1626349009193,181332,POST brute,Intensive tasks 1-193,true,181331
1626349000689,189890,POST brute,Intensive tasks 1-176,true,189890
1626348993689,196993,POST brute,Intensive tasks 1-162,true,196992
1626348982189,208857,POST brute,Intensive tasks 1-139,true,208857
1626349007690,183425,POST brute,Intensive tasks 1-190,true,183425
