timeStamp,elapsed,label,threadName,success,Latency
1626336667265,6659,POST brute,Intensive tasks 1-2,true,6656
1626336666880,7043,POST brute,Intensive tasks 1-1,true,7040
1626336667764,7620,POST brute,Intensive tasks 1-3,true,7614
1626336668261,8723,POST brute,Intensive tasks 1-4,true,8719
1626336668761,10020,POST brute,Intensive tasks 1-5,true,10010
1626336669262,11640,POST brute,Intensive tasks 1-6,true,11636
1626336670261,13553,POST brute,Intensive tasks 1-8,true,13546
1626336669769,14107,POST brute,Intensive tasks 1-7,true,14100
1626336670760,14961,POST brute,Intensive tasks 1-9,true,14948
1626336671259,17085,POST brute,Intensive tasks 1-10,true,17082
1626336672261,19804,POST brute,Intensive tasks 1-12,true,19782
1626336671759,20725,POST brute,Intensive tasks 1-11,true,20720
1626336673262,20438,POST brute,Intensive tasks 1-14,true,20434
1626336672759,22273,POST brute,Intensive tasks 1-13,true,22269
1626336673761,24315,POST brute,Intensive tasks 1-15,true,24311
1626336674760,24497,POST brute,Intensive tasks 1-17,true,24492
1626336674261,43482,POST brute,Intensive tasks 1-16,true,43464
1626336676761,61946,POST brute,Intensive tasks 1-21,true,61942
1626336675761,74848,POST brute,Intensive tasks 1-19,true,74841
1626336681270,72477,POST brute,Intensive tasks 1-30,true,72424
1626336676260,89223,POST brute,Intensive tasks 1-20,true,89219
1626336678761,91386,POST brute,Intensive tasks 1-25,true,91367
1626336678261,92588,POST brute,Intensive tasks 1-24,true,92584
1626336675261,101621,POST brute,Intensive tasks 1-18,true,101616
1626336681768,113406,POST brute,Intensive tasks 1-31,true,113404
1626336680761,115959,POST brute,Intensive tasks 1-29,true,115957
1626336677760,121510,POST brute,Intensive tasks 1-23,true,121508
1626336679259,124523,POST brute,Intensive tasks 1-26,true,124510
1626336677261,128418,POST brute,Intensive tasks 1-22,true,128402
1626336679759,131118,POST brute,Intensive tasks 1-27,true,131108
1626336682267,128938,POST brute,Intensive tasks 1-32,true,128932
1626336684760,126782,POST brute,Intensive tasks 1-37,true,126771
1626336701259,115798,POST brute,Intensive tasks 1-70,true,115793
1626336688260,129450,POST brute,Intensive tasks 1-44,true,129445
1626336692760,124965,POST brute,Intensive tasks 1-53,true,124964
1626336687259,133401,POST brute,Intensive tasks 1-42,true,133391
1626336688760,136213,POST brute,Intensive tasks 1-45,true,136211
1626336690260,137278,POST brute,Intensive tasks 1-48,true,137277
1626336698761,130416,POST brute,Intensive tasks 1-65,true,130384
1626336692261,139667,POST brute,Intensive tasks 1-52,true,139658
1626336683259,149964,POST brute,Intensive tasks 1-34,true,149962
1626336695260,139588,POST brute,Intensive tasks 1-58,true,139575
1626336694760,140253,POST brute,Intensive tasks 1-57,true,140248
1626336682764,163182,POST brute,Intensive tasks 1-33,true,163175
1626336689261,163620,POST brute,Intensive tasks 1-46,true,163619
1626336686260,172579,POST brute,Intensive tasks 1-40,true,172575
1626336685759,173371,POST brute,Intensive tasks 1-39,true,173370
1626336738761,120755,POST brute,Intensive tasks 1-145,true,120743
1626336687759,172454,POST brute,Intensive tasks 1-43,true,172452
1626336703260,158411,POST brute,Intensive tasks 1-74,true,158406
1626336684260,177835,POST brute,Intensive tasks 1-36,true,177829
1626336683759,181284,POST brute,Intensive tasks 1-35,true,181283
1626336701760,164479,POST brute,Intensive tasks 1-71,true,164472
1626336685259,182449,POST brute,Intensive tasks 1-38,true,182447
1626336689759,178833,POST brute,Intensive tasks 1-47,true,178830
1626336691759,179162,POST brute,Intensive tasks 1-51,true,179160
1626336721261,150631,POST brute,Intensive tasks 1-110,true,150629
1626336699759,174933,POST brute,Intensive tasks 1-67,true,174930
1626336703771,174272,POST brute,Intensive tasks 1-75,true,174269
1626336697760,185025,POST brute,Intensive tasks 1-63,true,185024
1626336695760,187121,POST brute,Intensive tasks 1-59,true,187102
1626336709260,174827,POST brute,Intensive tasks 1-86,true,174826
1626336704260,181191,POST brute,Intensive tasks 1-76,true,181187
1626336727759,158149,POST brute,Intensive tasks 1-123,true,158137
1626336706259,180022,POST brute,Intensive tasks 1-80,true,179985
1626336691259,195236,POST brute,Intensive tasks 1-50,true,195180
1626336680260,208089,POST brute,Intensive tasks 1-28,true,208086
1626336700759,189029,POST brute,Intensive tasks 1-69,true,189012
1626336716761,176629,POST brute,Intensive tasks 1-101,true,176625
1626336690760,203000,POST brute,Intensive tasks 1-49,true,202992
1626336698260,197663,POST brute,Intensive tasks 1-64,true,197660
1626336693760,202781,POST brute,Intensive tasks 1-55,true,202779
1626336713759,186672,POST brute,Intensive tasks 1-95,true,186672
1626336699260,203513,POST brute,Intensive tasks 1-66,true,203506
1626336711260,191738,POST brute,Intensive tasks 1-90,true,191721
1626336729259,174370,POST brute,Intensive tasks 1-126,true,174369
1626336696760,207021,POST brute,Intensive tasks 1-61,true,207019
1626336705260,199618,POST brute,Intensive tasks 1-78,true,199606
1626336722759,182494,POST brute,Intensive tasks 1-113,true,182490
1626336707260,198585,POST brute,Intensive tasks 1-82,true,198577
1626336686760,219334,POST brute,Intensive tasks 1-41,true,219300
1626336702759,203343,POST brute,Intensive tasks 1-73,true,203338
1626336715260,191723,POST brute,Intensive tasks 1-98,true,191620
1626336723760,186418,POST brute,Intensive tasks 1-115,true,186415
1626336705760,204929,POST brute,Intensive tasks 1-79,true,204928
1626336712260,199354,POST brute,Intensive tasks 1-92,true,199347
1626336719759,191894,POST brute,Intensive tasks 1-107,true,191892
1626336717261,194508,POST brute,Intensive tasks 1-102,true,194499
1626336753260,158718,POST brute,Intensive tasks 1-174,true,158681
1626336708259,204292,POST brute,Intensive tasks 1-84,true,204272
1626336725760,187766,POST brute,Intensive tasks 1-119,true,187742
1626336710259,204469,POST brute,Intensive tasks 1-88,true,204465
1626336702266,212542,POST brute,Intensive tasks 1-72,true,212540
1626336714259,200660,POST brute,Intensive tasks 1-96,true,200557
1626336696259,219241,POST brute,Intensive tasks 1-60,true,219238
1626336724261,191493,POST brute,Intensive tasks 1-116,true,191488
1626336720259,195768,POST brute,Intensive tasks 1-108,true,195765
1626336704759,211742,POST brute,Intensive tasks 1-77,true,211738
1626336759760,158233,POST brute,Intensive tasks 1-187,true,158231
1626336700260,218158,POST brute,Intensive tasks 1-68,true,218155
1626336731759,188212,POST brute,Intensive tasks 1-131,true,188209
1626336734259,186004,POST brute,Intensive tasks 1-136,true,186000
1626336718259,202757,POST brute,Intensive tasks 1-104,true,202748
1626336713259,207822,POST brute,Intensive tasks 1-94,true,207820
1626336706760,214711,POST brute,Intensive tasks 1-81,true,214708
1626336737260,184675,POST brute,Intensive tasks 1-142,true,184661
1626336709759,212405,POST brute,Intensive tasks 1-87,true,212393
1626336736260,187328,POST brute,Intensive tasks 1-140,true,187326
1626336740759,182920,POST brute,Intensive tasks 1-149,true,182915
1626336748759,175322,POST brute,Intensive tasks 1-165,true,175320
1626336730261,194124,POST brute,Intensive tasks 1-128,true,194121
1626336710761,213747,POST brute,Intensive tasks 1-89,true,213746
1626336694260,230894,POST brute,Intensive tasks 1-56,true,230890
1626336746759,178634,POST brute,Intensive tasks 1-161,true,178631
1626336712760,212804,POST brute,Intensive tasks 1-93,true,212802
1626336715759,210806,POST brute,Intensive tasks 1-99,true,210756
1626336749759,177252,POST brute,Intensive tasks 1-167,true,177248
1626336707760,219973,POST brute,Intensive tasks 1-83,true,219971
1626336745760,183388,POST brute,Intensive tasks 1-159,true,183386
1626336745259,184076,POST brute,Intensive tasks 1-158,true,184074
1626336752759,176745,POST brute,Intensive tasks 1-173,true,176744
1626336693259,236363,POST brute,Intensive tasks 1-54,true,236360
1626336734759,195832,POST brute,Intensive tasks 1-137,true,195829
1626336744760,186085,POST brute,Intensive tasks 1-157,true,186083
1626336732760,199855,POST brute,Intensive tasks 1-133,true,199853
1626336719260,213526,POST brute,Intensive tasks 1-106,true,213518
1626336749259,183804,POST brute,Intensive tasks 1-166,true,183802
1626336756261,177121,POST brute,Intensive tasks 1-180,true,177119
1626336731259,202185,POST brute,Intensive tasks 1-130,true,202182
1626336739261,195036,POST brute,Intensive tasks 1-146,true,195027
1626336697260,237112,POST brute,Intensive tasks 1-62,true,237107
1626336739759,195035,POST brute,Intensive tasks 1-147,true,195033
1626336735259,199538,POST brute,Intensive tasks 1-138,true,199519
1626336761259,173952,POST brute,Intensive tasks 1-190,true,173937
1626336758759,176526,POST brute,Intensive tasks 1-185,true,176524
1626336725259,210233,POST brute,Intensive tasks 1-118,true,210231
1626336726760,208895,POST brute,Intensive tasks 1-121,true,208881
1626336736759,198940,POST brute,Intensive tasks 1-141,true,198935
1626336741260,194687,POST brute,Intensive tasks 1-150,true,194684
1626336714760,222143,POST brute,Intensive tasks 1-97,true,222131
1626336720759,216254,POST brute,Intensive tasks 1-109,true,216244
1626336740259,197297,POST brute,Intensive tasks 1-148,true,197295
1626336728260,209667,POST brute,Intensive tasks 1-124,true,209665
1626336763260,175026,POST brute,Intensive tasks 1-194,true,175025
1626336717759,220680,POST brute,Intensive tasks 1-103,true,220677
1626336750760,187828,POST brute,Intensive tasks 1-169,true,187825
1626336747260,191434,POST brute,Intensive tasks 1-162,true,191431
1626336722259,216740,POST brute,Intensive tasks 1-112,true,216734
1626336760260,178774,POST brute,Intensive tasks 1-188,true,178772
1626336730760,208625,POST brute,Intensive tasks 1-129,true,208623
1626336764758,175530,POST brute,Intensive tasks 1-197,true,175521
1626336750261,190055,POST brute,Intensive tasks 1-168,true,190054
1626336765760,174897,POST brute,Intensive tasks 1-199,true,174883
1626336753760,187175,POST brute,Intensive tasks 1-175,true,187099
1626336708761,232942,POST brute,Intensive tasks 1-85,true,232939
1626336711760,230091,POST brute,Intensive tasks 1-91,true,230089
1626336751260,190753,POST brute,Intensive tasks 1-170,true,190749
1626336743260,198774,POST brute,Intensive tasks 1-154,true,198772
1626336760759,181980,POST brute,Intensive tasks 1-189,true,181970
1626336755259,187549,POST brute,Intensive tasks 1-178,true,187547
1626336757759,185051,POST brute,Intensive tasks 1-183,true,185050
1626336726261,216720,POST brute,Intensive tasks 1-120,true,216719
1626336758259,184752,POST brute,Intensive tasks 1-184,true,184749
1626336723259,219897,POST brute,Intensive tasks 1-114,true,219894
1626336732259,211298,POST brute,Intensive tasks 1-132,true,211287
1626336754259,189317,POST brute,Intensive tasks 1-176,true,189315
1626336727259,216357,POST brute,Intensive tasks 1-122,true,216354
1626336724760,218916,POST brute,Intensive tasks 1-117,true,218905
1626336744259,199431,POST brute,Intensive tasks 1-156,true,199419
1626336729759,214020,POST brute,Intensive tasks 1-127,true,214017
1626336752259,191598,POST brute,Intensive tasks 1-172,true,191597
1626336756760,187172,POST brute,Intensive tasks 1-181,true,187170
1626336721761,222274,POST brute,Intensive tasks 1-111,true,222255
1626336728760,215296,POST brute,Intensive tasks 1-125,true,215294
1626336759259,184923,POST brute,Intensive tasks 1-186,true,184918
1626336743760,200682,POST brute,Intensive tasks 1-155,true,200665
1626336716259,228312,POST brute,Intensive tasks 1-100,true,228297
1626336765259,179337,POST brute,Intensive tasks 1-198,true,179336
1626336762261,182598,POST brute,Intensive tasks 1-192,true,182595
1626336757259,187938,POST brute,Intensive tasks 1-182,true,187935
1626336737759,207652,POST brute,Intensive tasks 1-143,true,207649
1626336751759,193904,POST brute,Intensive tasks 1-171,true,193902
1626336763761,182090,POST brute,Intensive tasks 1-195,true,182088
1626336764258,181865,POST brute,Intensive tasks 1-196,true,181857
1626336718759,227406,POST brute,Intensive tasks 1-105,true,227404
1626336742759,203444,POST brute,Intensive tasks 1-153,true,203427
1626336741760,204516,POST brute,Intensive tasks 1-151,true,204513
1626336766261,180105,POST brute,Intensive tasks 1-200,true,180103
1626336754759,191684,POST brute,Intensive tasks 1-177,true,191681
1626336761760,184926,POST brute,Intensive tasks 1-191,true,184910
1626336738260,208429,POST brute,Intensive tasks 1-144,true,208427
1626336746260,200663,POST brute,Intensive tasks 1-160,true,200660
1626336733261,213720,POST brute,Intensive tasks 1-134,true,213717
1626336742259,204726,POST brute,Intensive tasks 1-152,true,204722
1626336762759,184410,POST brute,Intensive tasks 1-193,true,184407
1626336748260,199066,POST brute,Intensive tasks 1-164,true,199061
1626336747760,199628,POST brute,Intensive tasks 1-163,true,199627
1626336733759,213687,POST brute,Intensive tasks 1-135,true,213687
1626336755759,191825,POST brute,Intensive tasks 1-179,true,191824
1626336735760,211846,POST brute,Intensive tasks 1-139,true,211846
