timeStamp,elapsed,label,threadName,success,Latency
1626337889226,14963,POST brute,Intensive tasks 1-3,true,14961
1626337888347,16607,POST brute,Intensive tasks 1-1,true,16607
1626337888728,16409,POST brute,Intensive tasks 1-2,true,16409
1626337889725,16318,POST brute,Intensive tasks 1-4,true,16318
1626337890224,16916,POST brute,Intensive tasks 1-5,true,16916
1626337890726,17103,POST brute,Intensive tasks 1-6,true,17103
1626337891225,19883,POST brute,Intensive tasks 1-7,true,19883
1626337891724,19721,POST brute,Intensive tasks 1-8,true,19721
1626337892223,19274,POST brute,Intensive tasks 1-9,true,19274
1626337893224,20562,POST brute,Intensive tasks 1-11,true,20561
1626337892724,21921,POST brute,Intensive tasks 1-10,true,21921
1626337894223,20725,POST brute,Intensive tasks 1-13,true,20725
1626337893723,21566,POST brute,Intensive tasks 1-12,true,21566
1626337895223,21579,POST brute,Intensive tasks 1-15,true,21579
1626337895725,21588,POST brute,Intensive tasks 1-16,true,21588
1626337894725,23644,POST brute,Intensive tasks 1-14,true,23644
1626337896724,26625,POST brute,Intensive tasks 1-18,true,26624
1626337897224,26373,POST brute,Intensive tasks 1-19,true,26373
1626337896224,28394,POST brute,Intensive tasks 1-17,true,28394
1626337897724,27407,POST brute,Intensive tasks 1-20,true,27407
1626337898223,27979,POST brute,Intensive tasks 1-21,true,27979
1626337898725,29521,POST brute,Intensive tasks 1-22,true,29521
1626337899224,30984,POST brute,Intensive tasks 1-23,true,30984
1626337899723,30999,POST brute,Intensive tasks 1-24,true,30999
1626337900240,30904,POST brute,Intensive tasks 1-25,true,30904
1626337900725,34838,POST brute,Intensive tasks 1-26,true,34838
1626337901223,34398,POST brute,Intensive tasks 1-27,true,34398
1626337902223,33676,POST brute,Intensive tasks 1-29,true,33676
1626337901723,34830,POST brute,Intensive tasks 1-28,true,34830
1626337903224,33772,POST brute,Intensive tasks 1-31,true,33772
1626337903723,34966,POST brute,Intensive tasks 1-32,true,34966
1626337902725,36358,POST brute,Intensive tasks 1-30,true,36358
1626337905223,38241,POST brute,Intensive tasks 1-35,true,38241
1626337904724,38923,POST brute,Intensive tasks 1-34,true,38923
1626337905724,38606,POST brute,Intensive tasks 1-36,true,38606
1626337904225,40418,POST brute,Intensive tasks 1-33,true,40418
1626337906225,40474,POST brute,Intensive tasks 1-37,true,40474
1626337906724,42016,POST brute,Intensive tasks 1-38,true,42016
1626337908225,41291,POST brute,Intensive tasks 1-41,true,41291
1626337907223,43909,POST brute,Intensive tasks 1-39,true,43909
1626337907723,43787,POST brute,Intensive tasks 1-40,true,43787
1626337908724,47651,POST brute,Intensive tasks 1-42,true,47651
1626337909223,47300,POST brute,Intensive tasks 1-43,true,47300
1626337911228,46192,POST brute,Intensive tasks 1-47,true,46192
1626337909723,47775,POST brute,Intensive tasks 1-44,true,47775
1626337910222,47513,POST brute,Intensive tasks 1-45,true,47513
1626337911723,46976,POST brute,Intensive tasks 1-48,true,46976
1626337910734,48954,POST brute,Intensive tasks 1-46,true,48953
1626337912224,50969,POST brute,Intensive tasks 1-49,true,50969
1626337913224,50251,POST brute,Intensive tasks 1-51,true,50251
1626337912724,51558,POST brute,Intensive tasks 1-50,true,51558
1626337913725,51642,POST brute,Intensive tasks 1-52,true,51642
1626337914224,53620,POST brute,Intensive tasks 1-53,true,53620
1626337916223,54101,POST brute,Intensive tasks 1-57,true,54101
1626337914723,55823,POST brute,Intensive tasks 1-54,true,55823
1626337915724,55130,POST brute,Intensive tasks 1-56,true,55130
1626337915224,56094,POST brute,Intensive tasks 1-55,true,56094
1626337916723,59902,POST brute,Intensive tasks 1-58,true,59902
1626337917724,59133,POST brute,Intensive tasks 1-60,true,59133
1626337917224,59873,POST brute,Intensive tasks 1-59,true,59873
1626337919224,58053,POST brute,Intensive tasks 1-63,true,58053
1626337918223,60341,POST brute,Intensive tasks 1-61,true,60341
1626337919724,59091,POST brute,Intensive tasks 1-64,true,59091
1626337918724,61420,POST brute,Intensive tasks 1-62,true,61420
1626337920223,61529,POST brute,Intensive tasks 1-65,true,61529
1626337920723,63683,POST brute,Intensive tasks 1-66,true,63683
1626337921225,63195,POST brute,Intensive tasks 1-67,true,63195
1626337921723,65886,POST brute,Intensive tasks 1-68,true,65886
1626337922223,66209,POST brute,Intensive tasks 1-69,true,66209
1626337924223,66036,POST brute,Intensive tasks 1-73,true,66036
1626337922723,67818,POST brute,Intensive tasks 1-70,true,67818
1626337923724,67736,POST brute,Intensive tasks 1-72,true,67736
1626337923224,69624,POST brute,Intensive tasks 1-71,true,69624
1626337924723,71186,POST brute,Intensive tasks 1-74,true,71186
1626337927223,69847,POST brute,Intensive tasks 1-79,true,69847
1626337925224,72462,POST brute,Intensive tasks 1-75,true,72462
1626337925724,72425,POST brute,Intensive tasks 1-76,true,72425
1626337927723,72351,POST brute,Intensive tasks 1-80,true,72351
1626337926224,74046,POST brute,Intensive tasks 1-77,true,74046
1626337926723,73581,POST brute,Intensive tasks 1-78,true,73581
1626337929223,74151,POST brute,Intensive tasks 1-83,true,74151
1626337928224,75937,POST brute,Intensive tasks 1-81,true,75937
1626337928737,75970,POST brute,Intensive tasks 1-82,true,75970
1626337929723,78163,POST brute,Intensive tasks 1-84,true,78163
1626337930223,78283,POST brute,Intensive tasks 1-85,true,78283
1626337930724,79663,POST brute,Intensive tasks 1-86,true,79663
1626337932224,78458,POST brute,Intensive tasks 1-89,true,78458
1626337931224,80116,POST brute,Intensive tasks 1-87,true,80116
1626337931723,80085,POST brute,Intensive tasks 1-88,true,80085
1626337932724,83746,POST brute,Intensive tasks 1-90,true,83746
1626337935224,82079,POST brute,Intensive tasks 1-95,true,82079
1626337933223,85483,POST brute,Intensive tasks 1-91,true,85483
1626337933723,85507,POST brute,Intensive tasks 1-92,true,85507
1626337935724,85042,POST brute,Intensive tasks 1-96,true,85041
1626337934723,86075,POST brute,Intensive tasks 1-94,true,86075
1626337934232,87829,POST brute,Intensive tasks 1-93,true,87829
1626337937223,86337,POST brute,Intensive tasks 1-99,true,86337
1626337936723,88701,POST brute,Intensive tasks 1-98,true,88701
1626337936224,89559,POST brute,Intensive tasks 1-97,true,89559
1626337937724,89881,POST brute,Intensive tasks 1-100,true,89881
1626337938224,90107,POST brute,Intensive tasks 1-101,true,90106
1626337940224,90464,POST brute,Intensive tasks 1-105,true,90464
1626337938724,92210,POST brute,Intensive tasks 1-102,true,92210
1626337939723,91755,POST brute,Intensive tasks 1-104,true,91755
1626337939223,92821,POST brute,Intensive tasks 1-103,true,92821
1626337940724,96768,POST brute,Intensive tasks 1-106,true,96768
1626337943223,95001,POST brute,Intensive tasks 1-111,true,95001
1626337941225,97175,POST brute,Intensive tasks 1-107,true,97175
1626337943724,96010,POST brute,Intensive tasks 1-112,true,96010
1626337942724,98102,POST brute,Intensive tasks 1-110,true,98102
1626337941723,99319,POST brute,Intensive tasks 1-108,true,99319
1626337945223,97681,POST brute,Intensive tasks 1-115,true,97681
1626337942223,101248,POST brute,Intensive tasks 1-109,true,101248
1626337944224,101260,POST brute,Intensive tasks 1-113,true,101260
1626337944723,101176,POST brute,Intensive tasks 1-114,true,101176
1626337946224,101630,POST brute,Intensive tasks 1-117,true,101630
1626337945723,103025,POST brute,Intensive tasks 1-116,true,103025
1626337948223,103241,POST brute,Intensive tasks 1-121,true,103241
1626337946726,105582,POST brute,Intensive tasks 1-118,true,105582
1626337947223,105299,POST brute,Intensive tasks 1-119,true,105299
1626337947723,105266,POST brute,Intensive tasks 1-120,true,105266
1626337949224,107178,POST brute,Intensive tasks 1-123,true,107178
1626337951223,106403,POST brute,Intensive tasks 1-127,true,106403
1626337951725,106776,POST brute,Intensive tasks 1-128,true,106776
1626337948723,109898,POST brute,Intensive tasks 1-122,true,109898
1626337950723,110860,POST brute,Intensive tasks 1-126,true,110860
1626337949724,112276,POST brute,Intensive tasks 1-124,true,112276
1626337953224,110096,POST brute,Intensive tasks 1-131,true,110096
1626337952223,113087,POST brute,Intensive tasks 1-129,true,113087
1626337950224,115213,POST brute,Intensive tasks 1-125,true,115213
1626337952724,113659,POST brute,Intensive tasks 1-130,true,113659
1626337954224,114554,POST brute,Intensive tasks 1-133,true,114553
1626337953723,115827,POST brute,Intensive tasks 1-132,true,115827
1626337956224,114857,POST brute,Intensive tasks 1-137,true,114857
1626337955223,118152,POST brute,Intensive tasks 1-135,true,118152
1626337954724,119118,POST brute,Intensive tasks 1-134,true,119118
1626337955725,118481,POST brute,Intensive tasks 1-136,true,118481
1626337957222,119743,POST brute,Intensive tasks 1-139,true,119743
1626337959222,118613,POST brute,Intensive tasks 1-143,true,118613
1626337956722,121768,POST brute,Intensive tasks 1-138,true,121768
1626337959724,120144,POST brute,Intensive tasks 1-144,true,120144
1626337958722,123615,POST brute,Intensive tasks 1-142,true,123615
1626337957723,125350,POST brute,Intensive tasks 1-140,true,125350
1626337961223,122076,POST brute,Intensive tasks 1-147,true,122076
1626337960223,124454,POST brute,Intensive tasks 1-145,true,124454
1626337958223,127781,POST brute,Intensive tasks 1-141,true,127781
1626337960725,126314,POST brute,Intensive tasks 1-146,true,126314
1626337962223,126426,POST brute,Intensive tasks 1-149,true,126426
1626337961723,127527,POST brute,Intensive tasks 1-148,true,127527
1626337964223,125430,POST brute,Intensive tasks 1-153,true,125430
1626337963225,130097,POST brute,Intensive tasks 1-151,true,130097
1626337962723,130891,POST brute,Intensive tasks 1-150,true,130891
1626337963724,130710,POST brute,Intensive tasks 1-152,true,130709
1626337967224,130258,POST brute,Intensive tasks 1-159,true,130258
1626337965224,133696,POST brute,Intensive tasks 1-155,true,133696
1626337967723,132610,POST brute,Intensive tasks 1-160,true,132610
1626337964724,136356,POST brute,Intensive tasks 1-154,true,136356
1626337966723,136165,POST brute,Intensive tasks 1-158,true,136165
1626337968223,136026,POST brute,Intensive tasks 1-161,true,136026
1626337969224,135421,POST brute,Intensive tasks 1-163,true,135421
1626337965724,139298,POST brute,Intensive tasks 1-156,true,139298
1626337966224,140004,POST brute,Intensive tasks 1-157,true,140004
1626337969724,138472,POST brute,Intensive tasks 1-164,true,138472
1626337968724,140048,POST brute,Intensive tasks 1-162,true,140048
1626337970223,138732,POST brute,Intensive tasks 1-165,true,138732
1626337972222,137597,POST brute,Intensive tasks 1-169,true,137597
1626337971236,142794,POST brute,Intensive tasks 1-167,true,142794
1626337971723,142419,POST brute,Intensive tasks 1-168,true,142419
1626337970723,143470,POST brute,Intensive tasks 1-166,true,143470
1626337975223,143061,POST brute,Intensive tasks 1-175,true,143061
1626337975722,142563,POST brute,Intensive tasks 1-176,true,142563
1626337973223,146440,POST brute,Intensive tasks 1-171,true,146440
1626337972722,149282,POST brute,Intensive tasks 1-170,true,149282
1626337973722,151207,POST brute,Intensive tasks 1-172,true,151207
1626337976222,148817,POST brute,Intensive tasks 1-177,true,148817
1626337974723,150533,POST brute,Intensive tasks 1-174,true,150533
1626337977224,148510,POST brute,Intensive tasks 1-179,true,148510
1626337974223,151991,POST brute,Intensive tasks 1-173,true,151991
1626337978223,150218,POST brute,Intensive tasks 1-181,true,150217
1626337980225,148919,POST brute,Intensive tasks 1-185,true,148919
1626337977722,151558,POST brute,Intensive tasks 1-180,true,151558
1626337976724,153349,POST brute,Intensive tasks 1-178,true,153349
1626337978723,155208,POST brute,Intensive tasks 1-182,true,155208
1626337979224,155649,POST brute,Intensive tasks 1-183,true,155649
1626337979724,155331,POST brute,Intensive tasks 1-184,true,155331
1626337983224,155186,POST brute,Intensive tasks 1-191,true,155186
1626337983732,154690,POST brute,Intensive tasks 1-192,true,154690
1626337981224,157286,POST brute,Intensive tasks 1-187,true,157286
1626337980723,161066,POST brute,Intensive tasks 1-186,true,161066
1626337984224,157610,POST brute,Intensive tasks 1-193,true,157610
1626337985224,157256,POST brute,Intensive tasks 1-195,true,157256
1626337981723,160817,POST brute,Intensive tasks 1-188,true,160817
1626337982724,160411,POST brute,Intensive tasks 1-190,true,160411
1626337982223,161408,POST brute,Intensive tasks 1-189,true,161408
1626337986223,158050,POST brute,Intensive tasks 1-197,true,158050
1626337985724,159012,POST brute,Intensive tasks 1-196,true,159012
1626337984724,160598,POST brute,Intensive tasks 1-194,true,160598
1626337986723,159798,POST brute,Intensive tasks 1-198,true,159798
1626337987222,159380,POST brute,Intensive tasks 1-199,true,159380
1626337987724,159539,POST brute,Intensive tasks 1-200,true,159539
