timeStamp,elapsed,label,threadName,success,Latency
1626341625004,16769,POST brute,Intensive tasks 1-1,true,16766
1626341625383,16772,POST brute,Intensive tasks 1-2,true,16772
1626341625882,16806,POST brute,Intensive tasks 1-3,true,16806
1626341626380,16385,POST brute,Intensive tasks 1-4,true,16385
1626341627382,16816,POST brute,Intensive tasks 1-6,true,16816
1626341626881,18370,POST brute,Intensive tasks 1-5,true,18370
1626341627881,19420,POST brute,Intensive tasks 1-7,true,19420
1626341628380,19376,POST brute,Intensive tasks 1-8,true,19376
1626341628880,19274,POST brute,Intensive tasks 1-9,true,19274
1626341629880,20451,POST brute,Intensive tasks 1-11,true,20451
1626341629380,21316,POST brute,Intensive tasks 1-10,true,21316
1626341630881,20149,POST brute,Intensive tasks 1-13,true,20149
1626341631879,19233,POST brute,Intensive tasks 1-15,true,19233
1626341630380,21021,POST brute,Intensive tasks 1-12,true,21021
1626341632381,20321,POST brute,Intensive tasks 1-16,true,20321
1626341631382,21835,POST brute,Intensive tasks 1-14,true,21835
1626341633879,28315,POST brute,Intensive tasks 1-19,true,28315
1626341635380,28044,POST brute,Intensive tasks 1-22,true,28044
1626341632880,31261,POST brute,Intensive tasks 1-17,true,31261
1626341633379,30974,POST brute,Intensive tasks 1-18,true,30974
1626341634379,30504,POST brute,Intensive tasks 1-20,true,30504
1626341634880,30560,POST brute,Intensive tasks 1-21,true,30560
1626341635879,30541,POST brute,Intensive tasks 1-23,true,30541
1626341636380,31019,POST brute,Intensive tasks 1-24,true,31019
1626341637880,31175,POST brute,Intensive tasks 1-27,true,31175
1626341636881,32531,POST brute,Intensive tasks 1-25,true,32531
1626341638379,32507,POST brute,Intensive tasks 1-28,true,32507
1626341637380,34209,POST brute,Intensive tasks 1-26,true,34209
1626341639879,31774,POST brute,Intensive tasks 1-31,true,31774
1626341638881,33374,POST brute,Intensive tasks 1-29,true,33374
1626341639380,35216,POST brute,Intensive tasks 1-30,true,35216
1626341640380,34687,POST brute,Intensive tasks 1-32,true,34687
1626341641881,39825,POST brute,Intensive tasks 1-35,true,39825
1626341643379,40003,POST brute,Intensive tasks 1-38,true,40003
1626341640887,44081,POST brute,Intensive tasks 1-33,true,44081
1626341641379,44097,POST brute,Intensive tasks 1-34,true,44097
1626341642380,43861,POST brute,Intensive tasks 1-36,true,43861
1626341642879,43409,POST brute,Intensive tasks 1-37,true,43409
1626341643879,43321,POST brute,Intensive tasks 1-39,true,43321
1626341644380,43988,POST brute,Intensive tasks 1-40,true,43988
1626341644880,44730,POST brute,Intensive tasks 1-41,true,44730
1626341645879,43822,POST brute,Intensive tasks 1-43,true,43822
1626341646379,45112,POST brute,Intensive tasks 1-44,true,45112
1626341646880,44782,POST brute,Intensive tasks 1-45,true,44782
1626341647879,43889,POST brute,Intensive tasks 1-47,true,43889
1626341645379,47097,POST brute,Intensive tasks 1-42,true,47097
1626341647379,48368,POST brute,Intensive tasks 1-46,true,48368
1626341648379,47766,POST brute,Intensive tasks 1-48,true,47766
1626341651380,51298,POST brute,Intensive tasks 1-54,true,51298
1626341649879,52884,POST brute,Intensive tasks 1-51,true,52884
1626341648880,57612,POST brute,Intensive tasks 1-49,true,57611
1626341649381,57139,POST brute,Intensive tasks 1-50,true,57139
1626341651880,55177,POST brute,Intensive tasks 1-55,true,55177
1626341650380,57085,POST brute,Intensive tasks 1-52,true,57085
1626341650880,56905,POST brute,Intensive tasks 1-53,true,56905
1626341652379,57136,POST brute,Intensive tasks 1-56,true,57136
1626341652880,57827,POST brute,Intensive tasks 1-57,true,57827
1626341653880,57122,POST brute,Intensive tasks 1-59,true,57122
1626341653380,57945,POST brute,Intensive tasks 1-58,true,57945
1626341655880,55761,POST brute,Intensive tasks 1-63,true,55761
1626341654380,57364,POST brute,Intensive tasks 1-60,true,57364
1626341654879,58294,POST brute,Intensive tasks 1-61,true,58294
1626341655380,61053,POST brute,Intensive tasks 1-62,true,61053
1626341656380,60360,POST brute,Intensive tasks 1-64,true,60360
1626341657880,64207,POST brute,Intensive tasks 1-67,true,64207
1626341659393,64801,POST brute,Intensive tasks 1-70,true,64801
1626341657380,67579,POST brute,Intensive tasks 1-66,true,67579
1626341659879,67925,POST brute,Intensive tasks 1-71,true,67925
1626341658381,69678,POST brute,Intensive tasks 1-68,true,69678
1626341656880,72036,POST brute,Intensive tasks 1-65,true,72035
1626341658880,70194,POST brute,Intensive tasks 1-69,true,70194
1626341660379,69495,POST brute,Intensive tasks 1-72,true,69495
1626341660888,70778,POST brute,Intensive tasks 1-73,true,70778
1626341661380,70289,POST brute,Intensive tasks 1-74,true,70289
1626341662379,70303,POST brute,Intensive tasks 1-76,true,70303
1626341661879,70877,POST brute,Intensive tasks 1-75,true,70877
1626341663880,69542,POST brute,Intensive tasks 1-79,true,69542
1626341662879,71270,POST brute,Intensive tasks 1-77,true,71270
1626341663380,73622,POST brute,Intensive tasks 1-78,true,73622
1626341664379,73164,POST brute,Intensive tasks 1-80,true,73164
1626341665879,77746,POST brute,Intensive tasks 1-83,true,77746
1626341665379,78649,POST brute,Intensive tasks 1-82,true,78649
1626341667379,77453,POST brute,Intensive tasks 1-86,true,77453
1626341667880,79648,POST brute,Intensive tasks 1-87,true,79648
1626341666380,82067,POST brute,Intensive tasks 1-84,true,82067
1626341666884,82277,POST brute,Intensive tasks 1-85,true,82277
1626341664880,85951,POST brute,Intensive tasks 1-81,true,85951
1626341668380,82646,POST brute,Intensive tasks 1-88,true,82646
1626341669387,81976,POST brute,Intensive tasks 1-90,true,81976
1626341670380,82755,POST brute,Intensive tasks 1-92,true,82755
1626341668881,84406,POST brute,Intensive tasks 1-89,true,84406
1626341671880,82044,POST brute,Intensive tasks 1-95,true,82044
1626341669888,84273,POST brute,Intensive tasks 1-91,true,84273
1626341670880,84132,POST brute,Intensive tasks 1-93,true,84132
1626341671379,85783,POST brute,Intensive tasks 1-94,true,85783
1626341672379,85710,POST brute,Intensive tasks 1-96,true,85710
1626341675380,89752,POST brute,Intensive tasks 1-102,true,89752
1626341673881,91361,POST brute,Intensive tasks 1-99,true,91361
1626341673381,92952,POST brute,Intensive tasks 1-98,true,92952
1626341675880,90550,POST brute,Intensive tasks 1-103,true,90550
1626341674890,93368,POST brute,Intensive tasks 1-101,true,93368
1626341674378,94758,POST brute,Intensive tasks 1-100,true,94758
1626341676379,94843,POST brute,Intensive tasks 1-104,true,94843
1626341677880,94359,POST brute,Intensive tasks 1-107,true,94359
1626341677380,95037,POST brute,Intensive tasks 1-106,true,95037
1626341672880,99822,POST brute,Intensive tasks 1-97,true,99822
1626341678380,96176,POST brute,Intensive tasks 1-108,true,96176
1626341676879,98432,POST brute,Intensive tasks 1-105,true,98432
1626341679881,95533,POST brute,Intensive tasks 1-111,true,95533
1626341678879,97114,POST brute,Intensive tasks 1-109,true,97113
1626341679380,98122,POST brute,Intensive tasks 1-110,true,98122
1626341680379,98549,POST brute,Intensive tasks 1-112,true,98549
1626341683379,102197,POST brute,Intensive tasks 1-118,true,102197
1626341681880,104464,POST brute,Intensive tasks 1-115,true,104464
1626341683878,102784,POST brute,Intensive tasks 1-119,true,102784
1626341681379,105908,POST brute,Intensive tasks 1-114,true,105908
1626341682380,105034,POST brute,Intensive tasks 1-116,true,105034
1626341682879,106604,POST brute,Intensive tasks 1-117,true,106604
1626341685879,107145,POST brute,Intensive tasks 1-123,true,107145
1626341680879,112510,POST brute,Intensive tasks 1-113,true,112510
1626341684380,109098,POST brute,Intensive tasks 1-120,true,109098
1626341685379,108547,POST brute,Intensive tasks 1-122,true,108547
1626341684880,109740,POST brute,Intensive tasks 1-121,true,109740
1626341687879,107729,POST brute,Intensive tasks 1-127,true,107729
1626341686379,109528,POST brute,Intensive tasks 1-124,true,109528
1626341686879,110710,POST brute,Intensive tasks 1-125,true,110710
1626341687380,110535,POST brute,Intensive tasks 1-126,true,110535
1626341688391,110987,POST brute,Intensive tasks 1-128,true,110987
1626341691380,115192,POST brute,Intensive tasks 1-134,true,115192
1626341689881,117171,POST brute,Intensive tasks 1-131,true,117171
1626341689381,118386,POST brute,Intensive tasks 1-130,true,118386
1626341690379,117550,POST brute,Intensive tasks 1-132,true,117550
1626341691879,116443,POST brute,Intensive tasks 1-135,true,116443
1626341690880,117626,POST brute,Intensive tasks 1-133,true,117626
1626341693881,118548,POST brute,Intensive tasks 1-139,true,118547
1626341688879,124937,POST brute,Intensive tasks 1-129,true,124937
1626341692379,121824,POST brute,Intensive tasks 1-136,true,121824
1626341693379,121155,POST brute,Intensive tasks 1-138,true,121155
1626341695878,120278,POST brute,Intensive tasks 1-143,true,120278
1626341692880,123538,POST brute,Intensive tasks 1-137,true,123538
1626341694380,122875,POST brute,Intensive tasks 1-140,true,122875
1626341695381,122120,POST brute,Intensive tasks 1-142,true,122120
1626341694887,124540,POST brute,Intensive tasks 1-141,true,124540
1626341696378,124478,POST brute,Intensive tasks 1-144,true,124478
1626341699378,127066,POST brute,Intensive tasks 1-150,true,127066
1626341697879,130286,POST brute,Intensive tasks 1-147,true,130286
1626341697380,131267,POST brute,Intensive tasks 1-146,true,131267
1626341699878,129045,POST brute,Intensive tasks 1-151,true,129045
1626341698879,130349,POST brute,Intensive tasks 1-149,true,130349
1626341698379,131133,POST brute,Intensive tasks 1-148,true,131133
1626341701878,130759,POST brute,Intensive tasks 1-155,true,130759
1626341696880,136457,POST brute,Intensive tasks 1-145,true,136457
1626341700378,134039,POST brute,Intensive tasks 1-152,true,134039
1626341700880,135243,POST brute,Intensive tasks 1-153,true,135243
1626341701379,135009,POST brute,Intensive tasks 1-154,true,135009
1626341703879,132841,POST brute,Intensive tasks 1-159,true,132841
1626341702378,135848,POST brute,Intensive tasks 1-156,true,135848
1626341703379,135533,POST brute,Intensive tasks 1-158,true,135533
1626341702879,137830,POST brute,Intensive tasks 1-157,true,137830
1626341704380,138536,POST brute,Intensive tasks 1-160,true,138536
1626341707379,139243,POST brute,Intensive tasks 1-166,true,139243
1626341705879,142466,POST brute,Intensive tasks 1-163,true,142466
1626341705379,143083,POST brute,Intensive tasks 1-162,true,143083
1626341707880,141533,POST brute,Intensive tasks 1-167,true,141533
1626341706380,143705,POST brute,Intensive tasks 1-164,true,143705
1626341709880,141739,POST brute,Intensive tasks 1-171,true,141739
1626341706881,145146,POST brute,Intensive tasks 1-165,true,145146
1626341704880,148925,POST brute,Intensive tasks 1-161,true,148925
1626341709379,146825,POST brute,Intensive tasks 1-170,true,146825
1626341708881,147955,POST brute,Intensive tasks 1-169,true,147955
1626341708380,148762,POST brute,Intensive tasks 1-168,true,148762
1626341711880,145433,POST brute,Intensive tasks 1-175,true,145432
1626341710380,148993,POST brute,Intensive tasks 1-172,true,148993
1626341711379,148184,POST brute,Intensive tasks 1-174,true,148184
1626341710879,150888,POST brute,Intensive tasks 1-173,true,150888
1626341712380,149912,POST brute,Intensive tasks 1-176,true,149912
1626341713879,154332,POST brute,Intensive tasks 1-179,true,154332
1626341715379,153260,POST brute,Intensive tasks 1-182,true,153260
1626341715879,153146,POST brute,Intensive tasks 1-183,true,153146
1626341713379,156464,POST brute,Intensive tasks 1-178,true,156464
1626341714380,155609,POST brute,Intensive tasks 1-180,true,155609
1626341717881,153863,POST brute,Intensive tasks 1-187,true,153863
1626341714880,158679,POST brute,Intensive tasks 1-181,true,158679
1626341717380,158149,POST brute,Intensive tasks 1-186,true,158149
1626341712879,162693,POST brute,Intensive tasks 1-177,true,162693
1626341716881,160172,POST brute,Intensive tasks 1-185,true,160172
1626341719880,157245,POST brute,Intensive tasks 1-191,true,157245
1626341716379,161456,POST brute,Intensive tasks 1-184,true,161456
1626341718379,160689,POST brute,Intensive tasks 1-188,true,160689
1626341719379,160545,POST brute,Intensive tasks 1-190,true,160545
1626341720380,159671,POST brute,Intensive tasks 1-192,true,159671
1626341718879,161277,POST brute,Intensive tasks 1-189,true,161277
1626341721879,161205,POST brute,Intensive tasks 1-195,true,161205
1626341722379,161490,POST brute,Intensive tasks 1-196,true,161490
1626341723381,160616,POST brute,Intensive tasks 1-198,true,160616
1626341721380,162786,POST brute,Intensive tasks 1-194,true,162786
1626341723880,160611,POST brute,Intensive tasks 1-199,true,160611
1626341722880,163233,POST brute,Intensive tasks 1-197,true,163233
1626341720880,165433,POST brute,Intensive tasks 1-193,true,165433
1626341724380,163307,POST brute,Intensive tasks 1-200,true,163307
