timeStamp,elapsed,label,threadName,success,Latency
1626350510224,28565,POST brute,Intensive tasks 1-3,true,28561
1626350509343,29525,POST brute,Intensive tasks 1-1,true,29439
1626350510723,29290,POST brute,Intensive tasks 1-4,true,29283
1626350509730,30853,POST brute,Intensive tasks 1-2,true,30852
1626350511222,33241,POST brute,Intensive tasks 1-5,true,33240
1626350511724,40383,POST brute,Intensive tasks 1-6,true,40382
1626350512223,46563,POST brute,Intensive tasks 1-7,true,46495
1626350512722,57023,POST brute,Intensive tasks 1-8,true,56476
1626350513222,59358,POST brute,Intensive tasks 1-9,true,59310
1626350514221,75697,POST brute,Intensive tasks 1-11,true,75697
1626350513722,77406,POST brute,Intensive tasks 1-10,true,77406
1626350514721,87202,POST brute,Intensive tasks 1-12,true,87202
1626350515222,105193,POST brute,Intensive tasks 1-13,true,105192
1626350516222,108988,POST brute,Intensive tasks 1-15,true,108987
1626350516721,113506,POST brute,Intensive tasks 1-16,true,113506
1626350515723,115776,POST brute,Intensive tasks 1-14,true,115776
1626350517222,134871,POST brute,Intensive tasks 1-17,true,134871
1626350517723,134437,POST brute,Intensive tasks 1-18,true,134436
1626350518221,140036,POST brute,Intensive tasks 1-19,true,140035
1626350519221,145760,POST brute,Intensive tasks 1-21,true,145760
1626350518722,147883,POST brute,Intensive tasks 1-20,true,147883
1626350520222,147575,POST brute,Intensive tasks 1-23,true,147573
1626350520721,149355,POST brute,Intensive tasks 1-24,true,149318
1626350519722,151213,POST brute,Intensive tasks 1-22,true,151213
1626350521223,160060,POST brute,Intensive tasks 1-25,true,160060
1626350522223,163131,POST brute,Intensive tasks 1-27,true,163125
1626350521722,169238,POST brute,Intensive tasks 1-26,true,169238
1626350522737,180348,POST brute,Intensive tasks 1-28,true,180348
1626350523721,179370,POST brute,Intensive tasks 1-30,true,179369
1626350525724,181117,POST brute,Intensive tasks 1-34,true,181117
1626350524221,183516,POST brute,Intensive tasks 1-31,true,183516
1626350523236,187527,POST brute,Intensive tasks 1-29,true,187526
1626350525222,187677,POST brute,Intensive tasks 1-33,true,187677
1626350524723,188621,POST brute,Intensive tasks 1-32,true,188621
1626350535721,179637,POST brute,Intensive tasks 1-54,true,179637
1626350526723,188646,POST brute,Intensive tasks 1-36,true,188646
1626350532221,183306,POST brute,Intensive tasks 1-47,true,183305
1626350527222,192410,POST brute,Intensive tasks 1-37,true,192409
1626350536221,185350,POST brute,Intensive tasks 1-55,true,185349
1626350528721,193548,POST brute,Intensive tasks 1-40,true,193548
1626350534222,189524,POST brute,Intensive tasks 1-51,true,189523
1626350534722,189180,POST brute,Intensive tasks 1-52,true,189180
1626350526222,198079,POST brute,Intensive tasks 1-35,true,197969
1626350533221,192691,POST brute,Intensive tasks 1-49,true,192574
1626350531222,195254,POST brute,Intensive tasks 1-45,true,195254
1626350527721,198783,POST brute,Intensive tasks 1-38,true,198783
1626350530721,196709,POST brute,Intensive tasks 1-44,true,196709
1626350529722,197734,POST brute,Intensive tasks 1-42,true,197709
1626350533722,194024,POST brute,Intensive tasks 1-50,true,194024
1626350531722,196887,POST brute,Intensive tasks 1-46,true,196886
1626350528221,200647,POST brute,Intensive tasks 1-39,true,200647
1626350540721,188442,POST brute,Intensive tasks 1-64,true,188441
1626350529222,200557,POST brute,Intensive tasks 1-41,true,200556
1626350537222,193466,POST brute,Intensive tasks 1-57,true,193413
1626350532725,198836,POST brute,Intensive tasks 1-48,true,198836
1626350535221,196528,POST brute,Intensive tasks 1-53,true,196528
1626350530221,201535,POST brute,Intensive tasks 1-43,true,201535
1626350538721,196763,POST brute,Intensive tasks 1-60,true,196763
1626350536721,199879,POST brute,Intensive tasks 1-56,true,199879
1626350537722,199044,POST brute,Intensive tasks 1-58,true,199043
1626350539723,197159,POST brute,Intensive tasks 1-62,true,197152
1626350538221,203371,POST brute,Intensive tasks 1-59,true,203371
1626350542722,200450,POST brute,Intensive tasks 1-68,true,200449
1626350539222,207184,POST brute,Intensive tasks 1-61,true,207184
1626350541722,204888,POST brute,Intensive tasks 1-66,true,204888
1626350546222,201119,POST brute,Intensive tasks 1-75,true,201103
1626350541221,206325,POST brute,Intensive tasks 1-65,true,206325
1626350540222,207991,POST brute,Intensive tasks 1-63,true,207990
1626350545721,203746,POST brute,Intensive tasks 1-74,true,203745
1626350542222,207431,POST brute,Intensive tasks 1-67,true,207431
1626350544722,205231,POST brute,Intensive tasks 1-72,true,205231
1626350548721,205746,POST brute,Intensive tasks 1-80,true,205746
1626350547223,207692,POST brute,Intensive tasks 1-77,true,207691
1626350545221,210093,POST brute,Intensive tasks 1-73,true,210093
1626350543222,212411,POST brute,Intensive tasks 1-69,true,212411
1626350543721,214173,POST brute,Intensive tasks 1-70,true,214173
1626350548221,209719,POST brute,Intensive tasks 1-79,true,209719
1626350553721,205756,POST brute,Intensive tasks 1-90,true,205755
1626350547721,211843,POST brute,Intensive tasks 1-78,true,211843
1626350550221,210599,POST brute,Intensive tasks 1-83,true,210598
1626350544222,219937,POST brute,Intensive tasks 1-71,true,219936
1626350553221,211022,POST brute,Intensive tasks 1-89,true,211022
1626350551221,213305,POST brute,Intensive tasks 1-85,true,213305
1626350551722,213722,POST brute,Intensive tasks 1-86,true,213722
1626350559222,206580,POST brute,Intensive tasks 1-101,true,206580
1626350549722,216651,POST brute,Intensive tasks 1-82,true,216651
1626350546722,220349,POST brute,Intensive tasks 1-76,true,220348
1626350555721,211636,POST brute,Intensive tasks 1-94,true,211636
1626350557222,210552,POST brute,Intensive tasks 1-97,true,210551
1626350552222,215627,POST brute,Intensive tasks 1-87,true,215627
1626350549222,219128,POST brute,Intensive tasks 1-81,true,219127
1626350552721,216007,POST brute,Intensive tasks 1-88,true,216007
1626350550721,218356,POST brute,Intensive tasks 1-84,true,218355
1626350554723,214403,POST brute,Intensive tasks 1-92,true,214402
1626350556221,213559,POST brute,Intensive tasks 1-95,true,213558
1626350560723,211387,POST brute,Intensive tasks 1-104,true,211387
1626350554222,218716,POST brute,Intensive tasks 1-91,true,218716
1626350555221,218075,POST brute,Intensive tasks 1-93,true,218074
1626350560221,213253,POST brute,Intensive tasks 1-103,true,213253
1626350557721,215903,POST brute,Intensive tasks 1-98,true,215903
1626350566721,207343,POST brute,Intensive tasks 1-116,true,207343
1626350558722,217237,POST brute,Intensive tasks 1-100,true,217237
1626350562721,213275,POST brute,Intensive tasks 1-108,true,213275
1626350558221,217787,POST brute,Intensive tasks 1-99,true,217787
1626350561222,215875,POST brute,Intensive tasks 1-105,true,215874
1626350563222,214282,POST brute,Intensive tasks 1-109,true,214281
1626350565723,211918,POST brute,Intensive tasks 1-114,true,211917
1626350561722,216004,POST brute,Intensive tasks 1-106,true,216004
1626350565223,212920,POST brute,Intensive tasks 1-113,true,212919
1626350562221,216186,POST brute,Intensive tasks 1-107,true,216185
1626350567222,211258,POST brute,Intensive tasks 1-117,true,211258
1626350563722,215206,POST brute,Intensive tasks 1-110,true,215182
1626350556722,222802,POST brute,Intensive tasks 1-96,true,222773
1626350574222,205552,POST brute,Intensive tasks 1-131,true,205551
1626350580721,199631,POST brute,Intensive tasks 1-144,true,199631
1626350569722,211296,POST brute,Intensive tasks 1-122,true,211296
1626350566221,215285,POST brute,Intensive tasks 1-115,true,215284
1626350579722,202018,POST brute,Intensive tasks 1-142,true,202018
1626350568222,213886,POST brute,Intensive tasks 1-119,true,213886
1626350564221,218499,POST brute,Intensive tasks 1-111,true,218499
1626350569230,213928,POST brute,Intensive tasks 1-121,true,213928
1626350559722,223964,POST brute,Intensive tasks 1-102,true,223964
1626350571722,212299,POST brute,Intensive tasks 1-126,true,212299
1626350572722,211641,POST brute,Intensive tasks 1-128,true,211640
1626350564721,219936,POST brute,Intensive tasks 1-112,true,219936
1626350570223,214463,POST brute,Intensive tasks 1-123,true,214463
1626350587221,197940,POST brute,Intensive tasks 1-157,true,197940
1626350570721,214992,POST brute,Intensive tasks 1-124,true,214991
1626350575220,210596,POST brute,Intensive tasks 1-133,true,210507
1626350574721,211353,POST brute,Intensive tasks 1-132,true,211353
1626350568721,217459,POST brute,Intensive tasks 1-120,true,217459
1626350577221,209042,POST brute,Intensive tasks 1-137,true,209042
1626350579221,207514,POST brute,Intensive tasks 1-141,true,207453
1626350578222,208618,POST brute,Intensive tasks 1-139,true,208617
1626350567721,219163,POST brute,Intensive tasks 1-118,true,219162
1626350582720,204180,POST brute,Intensive tasks 1-148,true,204179
1626350584721,202335,POST brute,Intensive tasks 1-152,true,202302
1626350572222,214884,POST brute,Intensive tasks 1-127,true,214883
1626350583220,203948,POST brute,Intensive tasks 1-149,true,203948
1626350577721,209667,POST brute,Intensive tasks 1-138,true,209667
1626350573722,213774,POST brute,Intensive tasks 1-130,true,213773
1626350585720,202010,POST brute,Intensive tasks 1-154,true,202009
1626350571220,216662,POST brute,Intensive tasks 1-125,true,216662
1626350576223,211961,POST brute,Intensive tasks 1-135,true,211961
1626350584222,204159,POST brute,Intensive tasks 1-151,true,204100
1626350588221,200203,POST brute,Intensive tasks 1-159,true,200202
1626350575722,212783,POST brute,Intensive tasks 1-134,true,212782
1626350573222,215423,POST brute,Intensive tasks 1-129,true,215423
1626350588720,200336,POST brute,Intensive tasks 1-160,true,200335
1626350590722,198416,POST brute,Intensive tasks 1-164,true,198415
1626350578722,210580,POST brute,Intensive tasks 1-140,true,210580
1626350589722,199612,POST brute,Intensive tasks 1-162,true,199564
1626350580221,209217,POST brute,Intensive tasks 1-143,true,209217
1626350576722,213011,POST brute,Intensive tasks 1-136,true,213011
1626350586222,203593,POST brute,Intensive tasks 1-155,true,203593
1626350585222,204759,POST brute,Intensive tasks 1-153,true,204759
1626350587722,202436,POST brute,Intensive tasks 1-158,true,202435
1626350582222,207987,POST brute,Intensive tasks 1-147,true,207987
1626350583722,206522,POST brute,Intensive tasks 1-150,true,206522
1626350591723,198769,POST brute,Intensive tasks 1-166,true,198768
1626350597721,192824,POST brute,Intensive tasks 1-178,true,192824
1626350603220,187438,POST brute,Intensive tasks 1-189,true,187437
1626350581222,209443,POST brute,Intensive tasks 1-145,true,209443
1626350581721,209061,POST brute,Intensive tasks 1-146,true,209061
1626350590222,200722,POST brute,Intensive tasks 1-163,true,200722
1626350596220,194848,POST brute,Intensive tasks 1-175,true,194833
1626350592722,198444,POST brute,Intensive tasks 1-168,true,198444
1626350593721,197492,POST brute,Intensive tasks 1-170,true,197492
1626350603721,187645,POST brute,Intensive tasks 1-190,true,187645
1626350605222,186158,POST brute,Intensive tasks 1-193,true,186158
1626350594721,196685,POST brute,Intensive tasks 1-172,true,196685
1626350586722,204818,POST brute,Intensive tasks 1-156,true,204791
1626350599721,192139,POST brute,Intensive tasks 1-182,true,192139
1626350596721,195161,POST brute,Intensive tasks 1-176,true,195161
1626350601221,190704,POST brute,Intensive tasks 1-185,true,190704
1626350606721,185272,POST brute,Intensive tasks 1-196,true,185272
1626350600721,191279,POST brute,Intensive tasks 1-184,true,191279
1626350606222,185778,POST brute,Intensive tasks 1-195,true,185778
1626350597221,194792,POST brute,Intensive tasks 1-177,true,194792
1626350595722,196463,POST brute,Intensive tasks 1-174,true,196463
1626350589222,202997,POST brute,Intensive tasks 1-161,true,202997
1626350598221,194072,POST brute,Intensive tasks 1-179,true,194071
1626350604222,188077,POST brute,Intensive tasks 1-191,true,188066
1626350591221,201190,POST brute,Intensive tasks 1-165,true,201190
1626350600222,192304,POST brute,Intensive tasks 1-183,true,192304
1626350594221,198369,POST brute,Intensive tasks 1-171,true,198369
1626350599221,193379,POST brute,Intensive tasks 1-181,true,193378
1626350593220,199424,POST brute,Intensive tasks 1-169,true,199423
1626350608221,184469,POST brute,Intensive tasks 1-199,true,184469
1626350598722,194002,POST brute,Intensive tasks 1-180,true,194002
1626350602222,190502,POST brute,Intensive tasks 1-187,true,190502
1626350602722,190015,POST brute,Intensive tasks 1-188,true,190015
1626350601721,191040,POST brute,Intensive tasks 1-186,true,191040
1626350592222,200586,POST brute,Intensive tasks 1-167,true,200586
1626350607223,185690,POST brute,Intensive tasks 1-197,true,185690
1626350608722,184214,POST brute,Intensive tasks 1-200,true,184214
1626350607722,185300,POST brute,Intensive tasks 1-198,true,185299
1626350605723,187357,POST brute,Intensive tasks 1-194,true,187357
1626350604723,188364,POST brute,Intensive tasks 1-192,true,188363
1626350595223,198083,POST brute,Intensive tasks 1-173,true,198083
