timeStamp,elapsed,label,threadName,success,Latency
1626335880275,24548,POST brute,Intensive tasks 1-1,true,24539
1626335880669,25255,POST brute,Intensive tasks 1-2,true,25254
1626335882161,26129,POST brute,Intensive tasks 1-5,true,26125
1626335881164,27236,POST brute,Intensive tasks 1-3,true,27214
1626335881661,27416,POST brute,Intensive tasks 1-4,true,27413
1626335882662,41247,POST brute,Intensive tasks 1-6,true,41244
1626335883162,46375,POST brute,Intensive tasks 1-7,true,46374
1626335883661,59587,POST brute,Intensive tasks 1-8,true,59536
1626335884163,62248,POST brute,Intensive tasks 1-9,true,62163
1626335884660,63641,POST brute,Intensive tasks 1-10,true,63622
1626335885661,78068,POST brute,Intensive tasks 1-12,true,78067
1626335885162,78756,POST brute,Intensive tasks 1-11,true,78739
1626335886160,89239,POST brute,Intensive tasks 1-13,true,89184
1626335886663,100745,POST brute,Intensive tasks 1-14,true,100735
1626335887163,110370,POST brute,Intensive tasks 1-15,true,109629
1626335888662,114328,POST brute,Intensive tasks 1-18,true,114326
1626335887660,118355,POST brute,Intensive tasks 1-16,true,118280
1626335888161,127836,POST brute,Intensive tasks 1-17,true,127836
1626335891161,131819,POST brute,Intensive tasks 1-23,true,131819
1626335889170,137394,POST brute,Intensive tasks 1-19,true,137393
1626335889660,138233,POST brute,Intensive tasks 1-20,true,138231
1626335890170,142445,POST brute,Intensive tasks 1-21,true,142444
1626335890663,146578,POST brute,Intensive tasks 1-22,true,146552
1626335892162,154113,POST brute,Intensive tasks 1-25,true,154108
1626335891661,159252,POST brute,Intensive tasks 1-24,true,159243
1626335894161,158540,POST brute,Intensive tasks 1-29,true,158538
1626335893160,159793,POST brute,Intensive tasks 1-27,true,159776
1626335893660,162011,POST brute,Intensive tasks 1-28,true,162010
1626335896161,168112,POST brute,Intensive tasks 1-33,true,168105
1626335892660,172529,POST brute,Intensive tasks 1-26,true,172398
1626335894661,175126,POST brute,Intensive tasks 1-30,true,175124
1626335897160,177489,POST brute,Intensive tasks 1-35,true,177477
1626335896662,178987,POST brute,Intensive tasks 1-34,true,178964
1626335895160,180753,POST brute,Intensive tasks 1-31,true,180742
1626335895660,182287,POST brute,Intensive tasks 1-32,true,182285
1626335900160,178305,POST brute,Intensive tasks 1-41,true,178303
1626335897661,184948,POST brute,Intensive tasks 1-36,true,184938
1626335898162,186940,POST brute,Intensive tasks 1-37,true,186939
1626335899162,188765,POST brute,Intensive tasks 1-39,true,188730
1626335899661,192758,POST brute,Intensive tasks 1-40,true,192756
1626335900660,191873,POST brute,Intensive tasks 1-42,true,191869
1626335902660,190824,POST brute,Intensive tasks 1-46,true,190822
1626335901161,193208,POST brute,Intensive tasks 1-43,true,193035
1626335898660,197731,POST brute,Intensive tasks 1-38,true,197721
1626335902161,194454,POST brute,Intensive tasks 1-45,true,194448
1626335903661,195869,POST brute,Intensive tasks 1-48,true,195589
1626335901661,205892,POST brute,Intensive tasks 1-44,true,205821
1626335905160,202730,POST brute,Intensive tasks 1-51,true,202728
1626335903160,209013,POST brute,Intensive tasks 1-47,true,209011
1626335908160,205401,POST brute,Intensive tasks 1-57,true,205339
1626335908661,207554,POST brute,Intensive tasks 1-58,true,207089
1626335906161,210055,POST brute,Intensive tasks 1-53,true,209895
1626335907661,209280,POST brute,Intensive tasks 1-56,true,209255
1626335910660,207281,POST brute,Intensive tasks 1-62,true,207274
1626335904675,213483,POST brute,Intensive tasks 1-50,true,213461
1626335906661,214652,POST brute,Intensive tasks 1-54,true,214650
1626335904161,217952,POST brute,Intensive tasks 1-49,true,217937
1626335911161,213547,POST brute,Intensive tasks 1-63,true,213547
1626335915662,209423,POST brute,Intensive tasks 1-72,true,209419
1626335905660,219833,POST brute,Intensive tasks 1-52,true,219822
1626335912661,212916,POST brute,Intensive tasks 1-66,true,212902
1626335909161,217813,POST brute,Intensive tasks 1-59,true,217695
1626335913161,214077,POST brute,Intensive tasks 1-67,true,214070
1626335914660,213421,POST brute,Intensive tasks 1-70,true,213296
1626335907160,221461,POST brute,Intensive tasks 1-55,true,221092
1626335909660,221561,POST brute,Intensive tasks 1-60,true,221554
1626335919161,212232,POST brute,Intensive tasks 1-79,true,212230
1626335914160,217446,POST brute,Intensive tasks 1-69,true,217444
1626335922661,209360,POST brute,Intensive tasks 1-86,true,209358
1626335910160,222867,POST brute,Intensive tasks 1-61,true,222859
1626335911661,221974,POST brute,Intensive tasks 1-64,true,221883
1626335925666,208294,POST brute,Intensive tasks 1-92,true,208293
1626335915162,219130,POST brute,Intensive tasks 1-71,true,219127
1626335917160,217755,POST brute,Intensive tasks 1-75,true,217628
1626335916660,219122,POST brute,Intensive tasks 1-74,true,219117
1626335912160,223914,POST brute,Intensive tasks 1-65,true,223911
1626335918161,220898,POST brute,Intensive tasks 1-77,true,220890
1626335913660,226862,POST brute,Intensive tasks 1-68,true,226841
1626335916160,225728,POST brute,Intensive tasks 1-73,true,225725
1626335920661,222009,POST brute,Intensive tasks 1-82,true,222000
1626335923662,219440,POST brute,Intensive tasks 1-88,true,219436
1626335920160,223636,POST brute,Intensive tasks 1-81,true,223615
1626335917660,226809,POST brute,Intensive tasks 1-76,true,226806
1626335922161,222585,POST brute,Intensive tasks 1-85,true,222565
1626335921660,223446,POST brute,Intensive tasks 1-84,true,223412
1626335924160,221208,POST brute,Intensive tasks 1-89,true,221199
1626335926660,220380,POST brute,Intensive tasks 1-94,true,220377
1626335923161,225609,POST brute,Intensive tasks 1-87,true,225600
1626335918661,230273,POST brute,Intensive tasks 1-78,true,230271
1626335930660,219059,POST brute,Intensive tasks 1-102,true,219056
1626335924660,225723,POST brute,Intensive tasks 1-90,true,225715
1626335934160,217532,POST brute,Intensive tasks 1-109,true,217392
1626335931160,221438,POST brute,Intensive tasks 1-103,true,221317
1626335931667,220931,POST brute,Intensive tasks 1-104,true,220917
1626335926160,226509,POST brute,Intensive tasks 1-93,true,226505
1626335932160,220952,POST brute,Intensive tasks 1-105,true,220931
1626335919660,233914,POST brute,Intensive tasks 1-80,true,233911
1626335927160,226866,POST brute,Intensive tasks 1-95,true,226848
1626335930173,224073,POST brute,Intensive tasks 1-101,true,224070
1626335933162,221760,POST brute,Intensive tasks 1-107,true,221737
1626335932661,222493,POST brute,Intensive tasks 1-106,true,222469
1626335921161,234490,POST brute,Intensive tasks 1-83,true,234323
1626335928161,228678,POST brute,Intensive tasks 1-97,true,228470
1626335937160,219681,POST brute,Intensive tasks 1-115,true,219678
1626335939660,217358,POST brute,Intensive tasks 1-120,true,217276
1626335952661,204404,POST brute,Intensive tasks 1-146,true,204401
1626335925161,232295,POST brute,Intensive tasks 1-91,true,232292
1626335928660,228892,POST brute,Intensive tasks 1-98,true,228807
1626335937660,220681,POST brute,Intensive tasks 1-116,true,220677
1626335941661,216963,POST brute,Intensive tasks 1-124,true,216962
1626335935661,223516,POST brute,Intensive tasks 1-112,true,223514
1626335936660,222833,POST brute,Intensive tasks 1-114,true,222829
1626335936161,223502,POST brute,Intensive tasks 1-113,true,223463
1626335944161,215586,POST brute,Intensive tasks 1-129,true,215583
1626335940161,219838,POST brute,Intensive tasks 1-121,true,219787
1626335929676,230482,POST brute,Intensive tasks 1-100,true,230466
1626335929160,231448,POST brute,Intensive tasks 1-99,true,231395
1626335927661,233021,POST brute,Intensive tasks 1-96,true,232946
1626335941162,221934,POST brute,Intensive tasks 1-123,true,221932
1626335940662,222806,POST brute,Intensive tasks 1-122,true,222803
1626335933661,229855,POST brute,Intensive tasks 1-108,true,229852
1626335945160,218466,POST brute,Intensive tasks 1-131,true,218445
1626335934660,229431,POST brute,Intensive tasks 1-110,true,229250
1626335947660,216954,POST brute,Intensive tasks 1-136,true,216927
1626335944660,220041,POST brute,Intensive tasks 1-130,true,220038
1626335942660,222387,POST brute,Intensive tasks 1-126,true,222383
1626335935159,230083,POST brute,Intensive tasks 1-111,true,230080
1626335942160,223590,POST brute,Intensive tasks 1-125,true,223587
1626335943161,222603,POST brute,Intensive tasks 1-127,true,222600
1626335938662,227188,POST brute,Intensive tasks 1-118,true,227185
1626335954661,211993,POST brute,Intensive tasks 1-150,true,211989
1626335950161,216500,POST brute,Intensive tasks 1-141,true,216497
1626335949160,217539,POST brute,Intensive tasks 1-139,true,217538
1626335945660,222246,POST brute,Intensive tasks 1-132,true,222229
1626335943661,224262,POST brute,Intensive tasks 1-128,true,224243
1626335938161,229866,POST brute,Intensive tasks 1-117,true,229788
1626335947161,220913,POST brute,Intensive tasks 1-135,true,220874
1626335946161,222248,POST brute,Intensive tasks 1-133,true,222245
1626335951160,217908,POST brute,Intensive tasks 1-143,true,217900
1626335955660,213627,POST brute,Intensive tasks 1-152,true,213624
1626335951660,218084,POST brute,Intensive tasks 1-144,true,218082
1626335952166,217596,POST brute,Intensive tasks 1-145,true,217582
1626335960160,209690,POST brute,Intensive tasks 1-161,true,209687
1626335949660,220289,POST brute,Intensive tasks 1-140,true,220286
1626335969661,200754,POST brute,Intensive tasks 1-180,true,200750
1626335955160,215430,POST brute,Intensive tasks 1-151,true,215424
1626335939160,231524,POST brute,Intensive tasks 1-119,true,231456
1626335948169,222515,POST brute,Intensive tasks 1-137,true,222430
1626335957160,213535,POST brute,Intensive tasks 1-155,true,213516
1626335950661,220047,POST brute,Intensive tasks 1-142,true,220042
1626335954160,216652,POST brute,Intensive tasks 1-149,true,216627
1626335963661,207185,POST brute,Intensive tasks 1-168,true,207168
1626335962160,209093,POST brute,Intensive tasks 1-165,true,209089
1626335953660,218045,POST brute,Intensive tasks 1-148,true,218021
1626335961161,210929,POST brute,Intensive tasks 1-163,true,210926
1626335959160,212972,POST brute,Intensive tasks 1-159,true,212935
1626335957660,214608,POST brute,Intensive tasks 1-156,true,214606
1626335959660,212614,POST brute,Intensive tasks 1-160,true,212587
1626335948661,223772,POST brute,Intensive tasks 1-138,true,223769
1626335960661,211801,POST brute,Intensive tasks 1-162,true,211767
1626335965661,206873,POST brute,Intensive tasks 1-172,true,206819
1626335956660,216097,POST brute,Intensive tasks 1-154,true,216072
1626335971160,201852,POST brute,Intensive tasks 1-183,true,201816
1626335967160,205881,POST brute,Intensive tasks 1-175,true,205878
1626335965160,207882,POST brute,Intensive tasks 1-171,true,207878
1626335970161,203031,POST brute,Intensive tasks 1-181,true,203028
1626335953161,220043,POST brute,Intensive tasks 1-147,true,220040
1626335967660,205697,POST brute,Intensive tasks 1-176,true,205694
1626335974662,198804,POST brute,Intensive tasks 1-190,true,198777
1626335958161,215430,POST brute,Intensive tasks 1-157,true,215426
1626335964160,209506,POST brute,Intensive tasks 1-169,true,209456
1626335970661,203037,POST brute,Intensive tasks 1-182,true,203028
1626335956162,217563,POST brute,Intensive tasks 1-153,true,217561
1626335963161,210592,POST brute,Intensive tasks 1-167,true,210589
1626335968160,205605,POST brute,Intensive tasks 1-177,true,205590
1626335968661,205125,POST brute,Intensive tasks 1-178,true,205098
1626335958661,215138,POST brute,Intensive tasks 1-158,true,215135
1626335961660,212210,POST brute,Intensive tasks 1-164,true,212178
1626335972660,201326,POST brute,Intensive tasks 1-186,true,201302
1626335966661,207489,POST brute,Intensive tasks 1-174,true,207470
1626335972161,202029,POST brute,Intensive tasks 1-185,true,202027
1626335962661,211548,POST brute,Intensive tasks 1-166,true,211545
1626335969161,205179,POST brute,Intensive tasks 1-179,true,205170
1626335946661,227810,POST brute,Intensive tasks 1-134,true,227801
1626335964660,210059,POST brute,Intensive tasks 1-170,true,210058
1626335975160,199834,POST brute,Intensive tasks 1-191,true,199795
1626335966161,208873,POST brute,Intensive tasks 1-173,true,208871
1626335973660,201455,POST brute,Intensive tasks 1-188,true,201452
1626335978160,196991,POST brute,Intensive tasks 1-197,true,196988
1626335974161,201006,POST brute,Intensive tasks 1-189,true,201004
1626335979161,196151,POST brute,Intensive tasks 1-199,true,196148
1626335978660,196659,POST brute,Intensive tasks 1-198,true,196656
1626335977660,197681,POST brute,Intensive tasks 1-196,true,197678
1626335976161,199185,POST brute,Intensive tasks 1-193,true,199182
1626335973160,202201,POST brute,Intensive tasks 1-187,true,202199
1626335971661,203804,POST brute,Intensive tasks 1-184,true,203802
1626335976662,198882,POST brute,Intensive tasks 1-194,true,198880
1626335979660,195935,POST brute,Intensive tasks 1-200,true,195933
1626335975661,199966,POST brute,Intensive tasks 1-192,true,199965
1626335977161,198521,POST brute,Intensive tasks 1-195,true,198519
